PERIOD_KEY,MONTH_NAME,MONTH_NUMBER,QUARTER,YEAR,FISCAL_YEAR,FISCAL_PERIOD,DAYS_IN_PERIOD,WEEK_COUNT,IS_CURRENT_PERIOD,MONTH_SHORT_NAME,QUARTER_DESC,FISCAL_LABEL,DISPLAY_ORDER,THEME_NAME,OLD_MONTH_CODE,CACHE_KEY,TEMP_STATUS,EXPORT_FLAG,SCREEN_NAME
1,January,1,1,2021,2021,1,31,5,0,Jan,Q1 2021,FY2021,1,default,M202101,month_2021_1,1,1,CalendarScreen
2,February,2,1,2021,2021,2,28,4,0,Feb,Q1 2021,FY2021,2,default,M202102,month_2021_2,0,1,CalendarScreen
3,March,3,1,2021,2021,3,31,5,0,Mar,Q1 2021,FY2021,3,default,M202103,month_2021_3,0,1,CalendarScreen
4,April,4,2,2021,2021,4,30,5,0,Apr,Q2 2021,FY2021,4,default,M202104,month_2021_4,0,1,CalendarScreen
5,May,5,2,2021,2021,5,31,5,0,May,Q2 2021,FY2021,5,default,M202105,month_2021_5,0,0,CalendarScreen
6,June,6,2,2021,2021,6,30,5,0,Jun,Q2 2021,FY2021,6,default,M202106,month_2021_6,1,1,CalendarScreen
7,July,7,3,2021,2021,7,31,5,0,Jul,Q3 2021,FY2021,7,default,M202107,month_2021_7,0,1,CalendarScreen
8,August,8,3,2021,2021,8,31,5,0,Aug,Q3 2021,FY2021,8,default,M202108,month_2021_8,1,1,CalendarScreen
9,September,9,3,2021,2021,9,30,5,0,Sep,Q3 2021,FY2021,9,default,M202109,month_2021_9,1,1,CalendarScreen
10,October,10,4,2021,2021,10,31,5,0,Oct,Q4 2021,FY2021,10,default,M202110,month_2021_10,0,0,CalendarScreen
11,November,11,4,2021,2021,11,30,5,0,Nov,Q4 2021,FY2021,11,default,M202111,month_2021_11,0,0,CalendarScreen
12,December,12,4,2021,2021,12,31,5,0,Dec,Q4 2021,FY2021,12,default,M202112,month_2021_12,0,0,CalendarScreen
13,January,1,1,2022,2022,1,31,5,0,Jan,Q1 2022,FY2022,13,default,M202201,month_2022_1,1,1,CalendarScreen
14,February,2,1,2022,2022,2,28,4,0,Feb,Q1 2022,FY2022,14,default,M202202,month_2022_2,1,0,CalendarScreen
15,March,3,1,2022,2022,3,31,5,0,Mar,Q1 2022,FY2022,15,default,M202203,month_2022_3,0,0,CalendarScreen
16,April,4,2,2022,2022,4,30,5,0,Apr,Q2 2022,FY2022,16,default,M202204,month_2022_4,0,1,CalendarScreen
17,May,5,2,2022,2022,5,31,5,0,May,Q2 2022,FY2022,17,default,M202205,month_2022_5,0,0,CalendarScreen
18,June,6,2,2022,2022,6,30,5,0,Jun,Q2 2022,FY2022,18,default,M202206,month_2022_6,1,0,CalendarScreen
19,July,7,3,2022,2022,7,31,5,0,Jul,Q3 2022,FY2022,19,default,M202207,month_2022_7,1,1,CalendarScreen
20,August,8,3,2022,2022,8,31,5,0,Aug,Q3 2022,FY2022,20,default,M202208,month_2022_8,1,1,CalendarScreen
21,September,9,3,2022,2022,9,30,5,0,Sep,Q3 2022,FY2022,21,default,M202209,month_2022_9,0,0,CalendarScreen
22,October,10,4,2022,2022,10,31,5,0,Oct,Q4 2022,FY2022,22,default,M202210,month_2022_10,1,1,CalendarScreen
23,November,11,4,2022,2022,11,30,5,0,Nov,Q4 2022,FY2022,23,default,M202211,month_2022_11,0,1,CalendarScreen
24,December,12,4,2022,2022,12,31,5,0,Dec,Q4 2022,FY2022,24,default,M202212,month_2022_12,1,1,CalendarScreen
25,January,1,1,2023,2023,1,31,5,0,Jan,Q1 2023,FY2023,25,default,M202301,month_2023_1,1,0,CalendarScreen
26,February,2,1,2023,2023,2,28,4,0,Feb,Q1 2023,FY2023,26,default,M202302,month_2023_2,0,0,CalendarScreen
27,March,3,1,2023,2023,3,31,5,0,Mar,Q1 2023,FY2023,27,default,M202303,month_2023_3,0,0,CalendarScreen
28,April,4,2,2023,2023,4,30,5,0,Apr,Q2 2023,FY2023,28,default,M202304,month_2023_4,1,0,CalendarScreen
29,May,5,2,2023,2023,5,31,5,0,May,Q2 2023,FY2023,29,default,M202305,month_2023_5,1,1,CalendarScreen
30,June,6,2,2023,2023,6,30,5,0,Jun,Q2 2023,FY2023,30,default,M202306,month_2023_6,1,1,CalendarScreen
31,July,7,3,2023,2023,7,31,5,0,Jul,Q3 2023,FY2023,31,default,M202307,month_2023_7,0,0,CalendarScreen
32,August,8,3,2023,2023,8,31,5,0,Aug,Q3 2023,FY2023,32,default,M202308,month_2023_8,0,0,CalendarScreen
33,September,9,3,2023,2023,9,30,5,0,Sep,Q3 2023,FY2023,33,default,M202309,month_2023_9,1,0,CalendarScreen
34,October,10,4,2023,2023,10,31,5,0,Oct,Q4 2023,FY2023,34,default,M202310,month_2023_10,1,1,CalendarScreen
35,November,11,4,2023,2023,11,30,5,0,Nov,Q4 2023,FY2023,35,default,M202311,month_2023_11,0,0,CalendarScreen
36,December,12,4,2023,2023,12,31,5,0,Dec,Q4 2023,FY2023,36,default,M202312,month_2023_12,1,1,CalendarScreen
37,January,1,1,2024,2024,1,31,5,0,Jan,Q1 2024,FY2024,37,default,M202401,month_2024_1,0,0,CalendarScreen
38,February,2,1,2024,2024,2,29,5,0,Feb,Q1 2024,FY2024,38,default,M202402,month_2024_2,0,1,CalendarScreen
39,March,3,1,2024,2024,3,31,5,0,Mar,Q1 2024,FY2024,39,default,M202403,month_2024_3,0,0,CalendarScreen
40,April,4,2,2024,2024,4,30,5,0,Apr,Q2 2024,FY2024,40,default,M202404,month_2024_4,0,1,CalendarScreen
41,May,5,2,2024,2024,5,31,5,0,May,Q2 2024,FY2024,41,default,M202405,month_2024_5,0,1,CalendarScreen
42,June,6,2,2024,2024,6,30,5,0,Jun,Q2 2024,FY2024,42,default,M202406,month_2024_6,0,0,CalendarScreen
43,July,7,3,2024,2024,7,31,5,0,Jul,Q3 2024,FY2024,43,default,M202407,month_2024_7,0,1,CalendarScreen
44,August,8,3,2024,2024,8,31,5,0,Aug,Q3 2024,FY2024,44,default,M202408,month_2024_8,1,1,CalendarScreen
45,September,9,3,2024,2024,9,30,5,0,Sep,Q3 2024,FY2024,45,default,M202409,month_2024_9,0,1,CalendarScreen
46,October,10,4,2024,2024,10,31,5,0,Oct,Q4 2024,FY2024,46,default,M202410,month_2024_10,0,0,CalendarScreen
47,November,11,4,2024,2024,11,30,5,0,Nov,Q4 2024,FY2024,47,default,M202411,month_2024_11,1,0,CalendarScreen
48,December,12,4,2024,2024,12,31,5,0,Dec,Q4 2024,FY2024,48,default,M202412,month_2024_12,1,0,CalendarScreen
49,January,1,1,2025,2025,1,31,5,0,Jan,Q1 2025,FY2025,49,default,M202501,month_2025_1,1,0,CalendarScreen
50,February,2,1,2025,2025,2,28,4,0,Feb,Q1 2025,FY2025,50,default,M202502,month_2025_2,0,0,CalendarScreen
51,March,3,1,2025,2025,3,31,5,0,Mar,Q1 2025,FY2025,51,default,M202503,month_2025_3,1,1,CalendarScreen
52,April,4,2,2025,2025,4,30,5,0,Apr,Q2 2025,FY2025,52,default,M202504,month_2025_4,0,0,CalendarScreen
53,May,5,2,2025,2025,5,31,5,0,May,Q2 2025,FY2025,53,default,M202505,month_2025_5,0,1,CalendarScreen
54,June,6,2,2025,2025,6,30,5,0,Jun,Q2 2025,FY2025,54,default,M202506,month_2025_6,1,0,CalendarScreen
55,July,7,3,2025,2025,7,31,5,0,Jul,Q3 2025,FY2025,55,default,M202507,month_2025_7,0,1,CalendarScreen
56,August,8,3,2025,2025,8,31,5,0,Aug,Q3 2025,FY2025,56,default,M202508,month_2025_8,0,0,CalendarScreen
57,September,9,3,2025,2025,9,30,5,0,Sep,Q3 2025,FY2025,57,default,M202509,month_2025_9,1,1,CalendarScreen
58,October,10,4,2025,2025,10,31,5,0,Oct,Q4 2025,FY2025,58,default,M202510,month_2025_10,0,1,CalendarScreen
59,November,11,4,2025,2025,11,30,5,0,Nov,Q4 2025,FY2025,59,default,M202511,month_2025_11,0,1,CalendarScreen
60,December,12,4,2025,2025,12,31,5,0,Dec,Q4 2025,FY2025,60,default,M202512,month_2025_12,0,0,CalendarScreen
61,January,1,1,2026,2026,1,31,5,1,Jan,Q1 2026,FY2026,61,default,M202601,month_2026_1,1,1,CalendarScreen
62,February,2,1,2026,2026,2,28,4,1,Feb,Q1 2026,FY2026,62,default,M202602,month_2026_2,0,1,CalendarScreen
63,March,3,1,2026,2026,3,31,5,1,Mar,Q1 2026,FY2026,63,default,M202603,month_2026_3,1,1,CalendarScreen
64,April,4,2,2026,2026,4,30,5,1,Apr,Q2 2026,FY2026,64,default,M202604,month_2026_4,0,1,CalendarScreen
65,May,5,2,2026,2026,5,31,5,1,May,Q2 2026,FY2026,65,default,M202605,month_2026_5,0,0,CalendarScreen
66,June,6,2,2026,2026,6,30,5,1,Jun,Q2 2026,FY2026,66,default,M202606,month_2026_6,0,0,CalendarScreen
67,July,7,3,2026,2026,7,31,5,1,Jul,Q3 2026,FY2026,67,default,M202607,month_2026_7,0,0,CalendarScreen
68,August,8,3,2026,2026,8,31,5,1,Aug,Q3 2026,FY2026,68,default,M202608,month_2026_8,1,1,CalendarScreen
69,September,9,3,2026,2026,9,30,5,1,Sep,Q3 2026,FY2026,69,default,M202609,month_2026_9,0,0,CalendarScreen
70,October,10,4,2026,2026,10,31,5,1,Oct,Q4 2026,FY2026,70,default,M202610,month_2026_10,0,0,CalendarScreen
71,November,11,4,2026,2026,11,30,5,1,Nov,Q4 2026,FY2026,71,default,M202611,month_2026_11,0,0,CalendarScreen
72,December,12,4,2026,2026,12,31,5,1,Dec,Q4 2026,FY2026,72,default,M202612,month_2026_12,1,0,CalendarScreen
