ACCOUNT_KEY,ACCOUNT_NUMBER,ACCOUNT_NAME,ACCOUNT_TYPE,ACCOUNT_CATEGORY,PARENT_ACCOUNT,PRODUCT_CATEGORY,INVENTORY_TYPE,ASSET_LIABILITY_FLAG,COST_CENTER,PROFIT_CENTER,REGION,COUNTRY,TAX_CODE,GST_RATE,ACCOUNT_STATUS,CREATED_DATE,UPDATED_DATE,ACCOUNT_LEVEL,SUB_ACCOUNT,COMMENTS,CREATED_BY,UPDATED_BY,LOAD_DATE,SOURCE_SYSTEM,OPEN_DATE,CLOSE_DATE,REPORTING_GROUP,RECORD_STATUS,GOLD_CARAT
1,1001001,cash on hand,Asset,Current Asset,1001000,Antique Jewellery,,A,CC-TIFFANY_NY,PC-CARTIER_PARIS,Europe,Singapore,TC609,3,Inactive,2020-12-01,2021-01-01,1,SUB-1001001-7,Perferendis dolore dicta ad doloribus.,FINANCE_ADMIN,,2026-06-17,GitHub,2021-01-01,2099-12-31,Balance Sheet,active,
2,1001011,Cash on Hand,Asset,Current Asset,1001000,Platinum Jewellery,Gold,A,CC-TIFFANY_NY,PC-CARTIER_PARIS,,France,TC920,3,ACTIVE,2020-12-01,2021-01-01,5,,,FINANCE_ADMIN,finance_mgr,2026-06-17,GitHub,2021-01-01,2099-12-31,Cash Flow,Active,
3,1001021,Cash on Hand,Asset,Current Asset,1001000,,Diamond,A,CC-CARTIER_PARIS,PC-HOJ_RIYADH,,Singapore,TC496,3,Active,2020-12-01,2021-01-01,4,SUB-1001021-4,,sys_user,,2026-06-17,GitHub,2021-01-01,2099-12-31,P&L,ACTIVE,
4,1001031,Cash on Hand,Asset,Current Asset,1001000,Antique Jewellery,Silver,A,CC-HOJ_SYDNEY,PC-HOJ_RIYADH,Asia Pacific,Australia,TC305,3,ACTIVE,2020-12-01,,5,SUB-1001031-6,Dolor rem possimus iure nam totam.,admin,finance_mgr,2026-06-17,GitHub,2021-01-01,,Balance Sheet,ACTIVE,
5,1001002,Bank Account - Current,Asset,Current Asset,1001000,Antique Jewellery,Diamond,A,CC-HOJ_LONDON,PC-HOJ_SYDNEY,Asia Pacific,Singapore,TC232,3,Active,2020-12-01,2021-01-01,3,,Itaque reiciendis pariatur voluptates.,admin,finance_mgr,2026-06-17,GitHub,2021-01-01,2099-12-31,Balance Sheet,Active,
6,1001012,Bank Account - Current,Asset,Current Asset,1001000,Silver Jewellery,Gold,A,CC-HOJ_SINGAPORE,PC-HOJ_TORONTO,North America,Canada,,3,Active,2020-12-01,2021-01-01,5,SUB-1001012-5,Et quidem ipsam repellendus tempora incidunt tenetur ipsum.,sys_user,finance_mgr,2026-06-17,GitHub,2021-01-01,,Cash Flow,active,
7,1001022,Bank Account - Current,Asset,Current Asset,1001000,Wedding Collection,,A,CC-DUBAI_GOLD,PC-CARTIER_PARIS,Middle East,Singapore,TC835,3,Inactive,2020-12-01,2021-01-01,3,SUB-1001022-9,,sys_user,,2026-06-17,GitHub,2021-01-01,2099-12-31,P&L,Active,
8,1001032,Bank Account - Current,Asset,Current Asset,1001000,Antique Jewellery,Silver,A,CC-TIFFANY_NY,PC-HOJ_SINGAPORE,Asia Pacific,Saudi Arabia,TC192,3,active,2020-12-01,2021-01-01,3,,,FINANCE_ADMIN,finance_mgr,2026-06-17,GitHub,2021-01-01,2099-12-31,P&L,Active,
9,1002001,Accounts Receivable,Asset,Current Asset,1002000,,Gold,A,CC-HOJ_DOHA,,Asia Pacific,Australia,TC738,3,Active,2020-12-01,2021-01-01,3,SUB-1002001-6,,admin,,2026-06-17,GitHub,2021-01-01,2099-12-31,Cash Flow,Active,
10,1002011,Accounts Receivable,Asset,Current Asset,1002000,,,A,CC-HOJ_TORONTO,PC-CARTIER_PARIS,Middle East,Australia,TC645,3,Inactive,2020-12-01,,3,SUB-1002011-2,,FINANCE_ADMIN,finance_mgr,2026-06-17,GitHub,2021-01-01,2099-12-31,Cash Flow,ACTIVE,
11,1002021,Accounts Receivable,Asset,Current Asset,1002000,Diamond Jewellery,,A,CC-HOJ_SYDNEY,PC-HOJ_TORONTO,Europe,,,3,Active,2020-12-01,2021-01-01,4,SUB-1002021-4,Rerum harum quo veniam accusantium.,sys_user,finance_mgr,2026-06-17,GitHub,2021-01-01,2099-12-31,P&L,active,
12,1002031,Accounts Receivable,Asset,Current Asset,1002000,Gemstone Jewellery,Diamond,A,CC-HOJ_SYDNEY,PC-TIFFANY_NY,Middle East,Qatar,TC385,3,ACTIVE,2020-12-01,2021-01-01,3,SUB-1002031-4,,sys_user,finance_mgr,2026-06-17,GitHub,2021-01-01,2099-12-31,Cash Flow,ACTIVE,
13,1003001,Gold Inventory,Asset,Inventory,1003000,Antique Jewellery,,A,CC-HOJ_RIYADH,PC-HOJ_LONDON,Asia Pacific,Hong Kong,TC947,3,Inactive,2020-12-01,2021-01-01,5,,Reiciendis tempore laborum earum laborum harum pariatur.,FINANCE_ADMIN,,2026-06-17,GitHub,2021-01-01,2099-12-31,P&L,ACTIVE,24.0
14,1003011,Gold Inventory,Asset,Inventory,,Gemstone Jewellery,Diamond,A,CC-HOJ_HK,PC-HOJ_DOHA,Middle East,UAE,TC191,3,ACTIVE,2020-12-01,2021-01-01,1,SUB-1003011-3,Quam saepe ullam voluptatem modi tenetur.,admin,finance_mgr,2026-06-17,GitHub,2021-01-01,2099-12-31,Balance Sheet,Active,24.0
15,1003021,GOLD INVENTORY,Asset,Inventory,1003000,,,A,CC-HOJ_SINGAPORE,PC-HOJ_HK,Europe,Hong Kong,,3,Inactive,2020-12-01,2021-01-01,2,SUB-1003021-3,Natus ad odit consequatur iure amet fugiat distinctio.,sys_user,finance_mgr,2026-06-17,GitHub,2021-01-01,2099-12-31,P&L,ACTIVE,24.0
16,1003031,Gold Inventory,Asset,Inventory,1003000,Silver Jewellery,Mixed,A,CC-TIFFANY_NY,,North America,UAE,TC576,3,active,2020-12-01,2021-01-01,3,SUB-1003031-2,Excepturi sunt eius veritatis in rerum.,sys_user,finance_mgr,2026-06-17,GitHub,2021-01-01,2099-12-31,P&L,ACTIVE,18.0
17,1003002,Diamond Inventory,Asset,Inventory,1003000,Gemstone Jewellery,,A,CC-HOJ_DOHA,PC-HOJ_TORONTO,Europe,Australia,TC179,3,Active,2020-12-01,2021-01-01,5,SUB-1003002-4,,sys_user,finance_mgr,2026-06-17,GitHub,2021-01-01,2099-12-31,Cash Flow,Active,
18,1003012,Diamond Inventory,Asset,Inventory,1003000,Gold Jewellery,,A,,PC-HOJ_HK,Middle East,France,TC103,3,Active,2020-12-01,2021-01-01,1,SUB-1003012-9,Veniam dicta accusantium.,admin,finance_mgr,2026-06-17,GitHub,2021-01-01,2099-12-31,Balance Sheet,ACTIVE,
19,1003022,Diamond Inventory,Asset,Inventory,1003000,Platinum Jewellery,Mixed,A,CC-CARTIER_PARIS,PC-HOJ_SYDNEY,North America,Australia,TC230,3,ACTIVE,2020-12-01,2021-01-01,3,SUB-1003022-8,,FINANCE_ADMIN,finance_mgr,2026-06-17,GitHub,2021-01-01,2099-12-31,Balance Sheet,ACTIVE,
20,1003032,Diamond Inventory,Asset,Inventory,1003000,Gold Jewellery,Mixed,A,CC-DUBAI_GOLD,PC-HOJ_LONDON,Middle East,UAE,TC145,3,ACTIVE,2020-12-01,2021-01-01,1,SUB-1003032-3,,FINANCE_ADMIN,finance_mgr,2026-06-17,GitHub,2021-01-01,2099-12-31,Cash Flow,ACTIVE,
21,1003003,Silver Inventory,Asset,Inventory,1003000,Platinum Jewellery,Gold,A,CC-HOJ_TORONTO,PC-HOJ_SINGAPORE,Europe,UAE,TC758,3,Inactive,2020-12-01,2021-01-01,3,,,admin,finance_mgr,2026-06-17,GitHub,2021-01-01,2099-12-31,Cash Flow,Active,
22,1003013,Silver Inventory,Asset,Inventory,1003000,Gemstone Jewellery,,A,CC-HOJ_DOHA,PC-HOJ_LONDON,,,TC486,3,Active,2020-12-01,2021-01-01,5,,,sys_user,finance_mgr,2026-06-17,GitHub,2021-01-01,2099-12-31,P&L,Active,
23,1003023,Silver Inventory,Asset,Inventory,1003000,Diamond Jewellery,,A,CC-HOJ_DOHA,PC-HOJ_RIYADH,Asia Pacific,Saudi Arabia,TC625,3,active,2020-12-01,2021-01-01,4,SUB-1003023-6,,sys_user,,2026-06-17,GitHub,2021-01-01,2099-12-31,Cash Flow,Active,
24,1003033,Silver Inventory,Asset,Inventory,1003000,,,A,CC-HOJ_TORONTO,PC-HOJ_HK,North America,Hong Kong,TC757,3,active,2020-12-01,2021-01-01,2,SUB-1003033-3,,FINANCE_ADMIN,finance_mgr,2026-06-17,GitHub,2021-01-01,2099-12-31,Cash Flow,Active,
25,1003004,  Platinum Inventory   ,Asset,Inventory,,Gold Jewellery,,A,,PC-HOJ_SYDNEY,Middle East,Canada,TC775,3,Active,2020-12-01,2021-01-01,1,SUB-1003004-9,,sys_user,,2026-06-17,GitHub,2021-01-01,2099-12-31,Cash Flow,ACTIVE,
26,1003014,Platinum Inventory,Asset,Inventory,,,,A,CC-TIFFANY_NY,,Europe,Qatar,TC331,3,Active,2020-12-01,2021-01-01,1,SUB-1003014-2,,sys_user,,2026-06-17,GitHub,2021-01-01,,P&L,Active,
27,1003024,Platinum Inventory,Asset,Inventory,1003000,Antique Jewellery,,A,CC-HOJ_DOHA,PC-HOJ_TORONTO,Middle East,Saudi Arabia,TC677,3,ACTIVE,2020-12-01,2021-01-01,2,SUB-1003024-3,Eaque sequi rerum assumenda sunt doloribus iure nostrum.,sys_user,finance_mgr,2026-06-17,GitHub,2021-01-01,2099-12-31,Cash Flow,Active,
28,1003034,Platinum Inventory,Asset,Inventory,1003000,Platinum Jewellery,Diamond,A,CC-HOJ_LONDON,,Europe,UK,TC887,3,active,2020-12-01,2021-01-01,3,SUB-1003034-8,,sys_user,finance_mgr,2026-06-17,GitHub,2021-01-01,2099-12-31,Cash Flow,ACTIVE,
29,1003005,Gemstone Inventory,Asset,Inventory,1003000,,Mixed,A,CC-HOJ_SINGAPORE,PC-TIFFANY_NY,,Saudi Arabia,TC879,3,ACTIVE,2020-12-01,2021-01-01,5,SUB-1003005-9,,admin,finance_mgr,2026-06-17,GitHub,2021-01-01,,Cash Flow,ACTIVE,
30,1003015,GEMSTONE INVENTORY,Asset,Inventory,1003000,Wedding Collection,Diamond,A,CC-HOJ_SINGAPORE,PC-HOJ_SINGAPORE,Middle East,,TC545,3,Inactive,2020-12-01,2021-01-01,3,SUB-1003015-4,,FINANCE_ADMIN,,2026-06-17,GitHub,2021-01-01,2099-12-31,Balance Sheet,Active,
31,1003025,Gemstone Inventory,Asset,Inventory,1003000,Silver Jewellery,Mixed,A,CC-HOJ_TORONTO,PC-TIFFANY_NY,Middle East,Singapore,TC426,3,active,2020-12-01,2021-01-01,3,,Officia laudantium recusandae at dolore porro esse.,sys_user,,2026-06-17,GitHub,2021-01-01,2099-12-31,Cash Flow,active,
32,1003035,Gemstone Inventory,ASSET,Inventory,1003000,,Silver,A,CC-HOJ_LONDON,PC-CARTIER_PARIS,Asia Pacific,Qatar,TC257,3,active,2020-12-01,2021-01-01,4,SUB-1003035-7,Fuga mollitia exercitationem voluptatum mollitia explicabo iste esse.,FINANCE_ADMIN,finance_mgr,2026-06-17,GitHub,2021-01-01,,Balance Sheet,active,
33,1004001,Furniture & Fixtures,Asset,Fixed Asset,,,,A,,PC-CARTIER_PARIS,North America,France,TC200,3,ACTIVE,2020-12-01,2021-01-01,5,,Blanditiis deserunt blanditiis modi quis.,sys_user,,2026-06-17,GitHub,2021-01-01,2099-12-31,P&L,Active,
34,1004011,Furniture & Fixtures,Asset,Fixed Asset,1004000,,,A,CC-HOJ_LONDON,PC-HOJ_HK,,,TC451,3,ACTIVE,2020-12-01,2021-01-01,5,SUB-1004011-3,,sys_user,finance_mgr,2026-06-17,GitHub,2021-01-01,2099-12-31,Balance Sheet,active,
35,1004021,Furniture & Fixtures,Asset,Fixed Asset,,Gemstone Jewellery,Mixed,A,,PC-HOJ_DOHA,Europe,Australia,,3,Active,2020-12-01,2021-01-01,5,SUB-1004021-6,Nisi voluptatem rerum eos facere esse provident.,FINANCE_ADMIN,,2026-06-17,GitHub,2021-01-01,2099-12-31,Balance Sheet,active,
36,1004031,Furniture & Fixtures,Asset,Fixed Asset,1004000,,,A,CC-HOJ_DOHA,PC-HOJ_SINGAPORE,Asia Pacific,France,TC688,3,ACTIVE,2020-12-01,2021-01-01,2,,,admin,finance_mgr,2026-06-17,GitHub,2021-01-01,2099-12-31,P&L,ACTIVE,
37,1004002,Display Equipment,Asset,Fixed Asset,1004000,Gemstone Jewellery,Mixed,A,CC-HOJ_HK,PC-HOJ_HK,Europe,Qatar,TC381,3,Inactive,2020-12-01,2021-01-01,4,SUB-1004002-9,,sys_user,finance_mgr,2026-06-17,GitHub,2021-01-01,2099-12-31,Balance Sheet,active,
38,1004012,display equipment,Asset,Fixed Asset,1004000,,,A,CC-DUBAI_GOLD,PC-TIFFANY_NY,Europe,UK,TC342,3,Inactive,2020-12-01,2021-01-01,4,SUB-1004012-3,Iusto ipsam delectus amet velit.,admin,finance_mgr,2026-06-17,GitHub,2021-01-01,2099-12-31,Cash Flow,ACTIVE,
39,1004022,Display Equipment,Asset,Fixed Asset,1004000,,,A,CC-HOJ_LONDON,PC-CARTIER_PARIS,Middle East,Singapore,TC235,3,Inactive,2020-12-01,2021-01-01,4,,Beatae aperiam laudantium neque placeat corrupti repellat.,FINANCE_ADMIN,finance_mgr,2026-06-17,GitHub,2021-01-01,2099-12-31,Cash Flow,Active,
40,1004032,Display Equipment,Asset,Fixed Asset,1004000,Platinum Jewellery,Silver,A,CC-HOJ_LONDON,PC-HOJ_HK,North America,Australia,TC539,3,active,2020-12-01,2021-01-01,3,SUB-1004032-9,,sys_user,finance_mgr,2026-06-17,GitHub,2021-01-01,2099-12-31,P&L,Active,
41,1004003,Store Leasehold Improvements,Asset,Fixed Asset,1004000,,,A,CC-CARTIER_PARIS,PC-HOJ_SINGAPORE,Middle East,,TC469,3,Inactive,2020-12-01,2021-01-01,1,SUB-1004003-7,Dolorem minima ipsum ipsam similique voluptatibus esse numquam.,admin,finance_mgr,2026-06-17,GitHub,2021-01-01,,P&L,Active,
42,1004013,  Store Leasehold Improvements   ,Asset,Fixed Asset,1004000,,Silver,A,CC-CARTIER_PARIS,,,UK,TC476,3,ACTIVE,2020-12-01,2021-01-01,2,,,FINANCE_ADMIN,finance_mgr,2026-06-17,GitHub,2021-01-01,2099-12-31,Cash Flow,Active,
43,1004023,Store Leasehold Improvements,Asset,Fixed Asset,1004000,,,A,CC-HOJ_LONDON,PC-CARTIER_PARIS,Europe,Singapore,,3,Inactive,2020-12-01,2021-01-01,3,SUB-1004023-4,,FINANCE_ADMIN,finance_mgr,2026-06-17,GitHub,2021-01-01,2099-12-31,P&L,ACTIVE,
44,1004033,Store Leasehold Improvements,Asset,Fixed Asset,,Gold Jewellery,,A,CC-HOJ_TORONTO,PC-HOJ_SYDNEY,Asia Pacific,,,3,ACTIVE,2020-12-01,2021-01-01,4,,Enim eligendi similique architecto doloremque.,sys_user,finance_mgr,2026-06-17,GitHub,2021-01-01,2099-12-31,Cash Flow,active,
45,2001001,Accounts Payable,Liability,Current Liability,2001000,Diamond Jewellery,Diamond,L,CC-CARTIER_PARIS,PC-HOJ_LONDON,Europe,,TC188,18,Active,2020-12-01,2021-01-01,3,,Ratione numquam optio ut incidunt.,FINANCE_ADMIN,,2026-06-17,GitHub,2021-01-01,2099-12-31,Balance Sheet,active,
46,2001011,Accounts Payable,Liability,Current Liability,2001000,Antique Jewellery,Gold,L,CC-DUBAI_GOLD,PC-CARTIER_PARIS,Europe,Canada,TC608,18,Inactive,2020-12-01,2021-01-01,2,,Dolore corrupti eaque consequuntur animi recusandae nisi.,FINANCE_ADMIN,finance_mgr,2026-06-17,GitHub,2021-01-01,2099-12-31,Cash Flow,active,
47,2001021,Accounts Payable,Liability,Current Liability,2001000,Platinum Jewellery,Diamond,L,CC-DUBAI_GOLD,PC-CARTIER_PARIS,Middle East,USA,TC179,0,Active,2020-12-01,2021-01-01,2,SUB-2001021-4,Ullam ipsa iusto esse illo earum molestiae.,sys_user,,2026-06-17,GitHub,2021-01-01,2099-12-31,Balance Sheet,ACTIVE,
48,2001031,Accounts Payable,Liability,Current Liability,2001000,Antique Jewellery,,L,CC-TIFFANY_NY,PC-HOJ_HK,Middle East,Australia,,5,active,2021-13-01,2021-01-01,1,,Aspernatur aliquam inventore eum dolorum at.,FINANCE_ADMIN,finance_mgr,2026-06-17,GitHub,2021-01-01,2099-12-31,Cash Flow,Active,
49,2001002,gst payable,Liability,Tax Liability,2001000,,Diamond,L,CC-HOJ_SYDNEY,PC-TIFFANY_NY,Europe,Australia,TC939,12,Active,2020-12-01,2021-01-01,2,,,sys_user,finance_mgr,2026-06-17,GitHub,2021-01-01,2099-12-31,Balance Sheet,ACTIVE,
50,2001012,GST Payable,Liability,Tax Liability,2001000,,Diamond,L,CC-TIFFANY_NY,PC-HOJ_SYDNEY,Middle East,Hong Kong,,5,Inactive,2020-12-01,2021-01-01,1,SUB-2001012-4,,admin,finance_mgr,2026-06-17,GitHub,2021-01-01,2099-12-31,Balance Sheet,active,
51,2001022,GST Payable,Liability,Tax Liability,,Platinum Jewellery,,L,,PC-HOJ_LONDON,Asia Pacific,UAE,,0,active,2020-12-01,2021-01-01,1,SUB-2001022-5,,admin,,2026-06-17,GitHub,2021-01-01,2099-12-31,P&L,Active,
52,2001032,GST Payable,liability,Tax Liability,2001000,Platinum Jewellery,Mixed,L,CC-CARTIER_PARIS,PC-HOJ_SINGAPORE,Asia Pacific,Hong Kong,TC135,5,ACTIVE,2020-12-01,2021-01-01,5,,,admin,finance_mgr,2026-06-17,GitHub,2021-01-01,2099-12-31,Cash Flow,Active,
53,2001003,TCS Payable,Liability,Tax Liability,2001000,Gemstone Jewellery,Silver,L,CC-HOJ_SYDNEY,PC-HOJ_RIYADH,North America,UAE,TC897,18,active,2020-12-01,2021-01-01,2,,Sint repudiandae a sit iure amet.,sys_user,finance_mgr,2026-06-17,GitHub,2021-01-01,2099-12-31,Cash Flow,Active,
54,2001013,TCS Payable,Liability,Tax Liability,2001000,,Diamond,L,CC-TIFFANY_NY,PC-DUBAI_GOLD,North America,Canada,TC292,3,active,2020-12-01,2021-01-01,1,,Facere quidem numquam quis dignissimos molestias unde.,admin,finance_mgr,2026-06-17,GitHub,2021-01-01,,Cash Flow,Active,
55,2001023,TCS Payable,Liability,Tax Liability,2001000,,,L,CC-HOJ_SINGAPORE,PC-HOJ_SYDNEY,Europe,France,TC444,3,ACTIVE,2020-12-01,2021-01-01,4,SUB-2001023-8,,FINANCE_ADMIN,finance_mgr,2026-06-17,GitHub,2021-01-01,2099-12-31,Balance Sheet,Active,
56,2001033,TCS Payable,Liability,Tax Liability,2001000,Diamond Jewellery,,L,,PC-HOJ_TORONTO,North America,Canada,,18,Active,2020-12-01,2021-01-01,2,SUB-2001033-2,Mollitia mollitia at voluptatibus totam.,FINANCE_ADMIN,finance_mgr,2026-06-17,GitHub,2021-01-01,2099-12-31,Balance Sheet,Active,
57,2002001,Bank Loan,Liability,Long Term Liability,2002000,Gold Jewellery,Mixed,L,CC-CARTIER_PARIS,PC-CARTIER_PARIS,Europe,Hong Kong,TC691,3,ACTIVE,2020-12-01,2021-01-01,1,,,admin,,2026-06-17,GitHub,2021-01-01,2099-12-31,Balance Sheet,Active,
58,2002011,Bank Loan,Liability,Long Term Liability,2002000,Gemstone Jewellery,Gold,L,CC-HOJ_SINGAPORE,PC-CARTIER_PARIS,Europe,Qatar,TC667,0,Inactive,2020-12-01,2021-01-01,1,SUB-2002011-1,,sys_user,,2026-06-17,GitHub,2021-01-01,2099-12-31,Balance Sheet,Active,
59,2002021,Bank Loan,Liability,Long Term Liability,,,Silver,L,CC-HOJ_HK,PC-HOJ_RIYADH,Asia Pacific,,TC657,5,Inactive,2020-12-01,2021-01-01,4,,,admin,finance_mgr,2026-06-17,GitHub,2021-01-01,2099-12-31,P&L,active,
60,2002031,Bank Loan,Liability,Long Term Liability,2002000,,Gold,L,CC-HOJ_SYDNEY,PC-HOJ_SYDNEY,Asia Pacific,Qatar,TC180,0,Active,2020-12-01,2021-01-01,5,,Eaque a quas saepe neque optio sint.,admin,finance_mgr,2026-06-17,GitHub,2021-01-01,2099-12-31,P&L,Active,
61,2002002,  Intercompany Payable   ,Liability,Long Term Liability,2002000,Antique Jewellery,,L,,PC-HOJ_SYDNEY,North America,Australia,,3,active,2020-12-01,2021-01-01,5,SUB-2002002-2,,admin,finance_mgr,2026-06-17,GitHub,2021-01-01,2099-12-31,Balance Sheet,ACTIVE,
62,2002012,Intercompany Payable,Liability,Long Term Liability,,Silver Jewellery,,L,,PC-TIFFANY_NY,Middle East,Saudi Arabia,TC120,5,Inactive,2020-12-01,2021-01-01,1,,Nemo doloremque quod aliquam quia.,sys_user,finance_mgr,2026-06-17,GitHub,2021-01-01,2099-12-31,Cash Flow,ACTIVE,
63,2002022,Intercompany Payable,Liability,Long Term Liability,2002000,Wedding Collection,,L,CC-DUBAI_GOLD,,Asia Pacific,Australia,,18,ACTIVE,2020-12-01,2021-01-01,4,SUB-2002022-1,Harum optio reprehenderit voluptatem libero alias.,sys_user,finance_mgr,2026-06-17,GitHub,2021-01-01,2099-12-31,Balance Sheet,active,
64,2002032,Intercompany Payable,Liability,Long Term Liability,2002000,Antique Jewellery,,L,CC-HOJ_SINGAPORE,PC-HOJ_RIYADH,Europe,,TC974,0,ACTIVE,2020-12-01,2021-01-01,2,SUB-2002032-5,,FINANCE_ADMIN,,2026-06-17,GitHub,2021-01-01,2099-12-31,Cash Flow,Active,
65,3001001,Sales Revenue - Gold Jewellery,Revenue,Sales,3001000,,Mixed,L,CC-HOJ_HK,PC-HOJ_HK,Asia Pacific,France,TC107,3,Inactive,2020-12-01,2021-01-01,3,SUB-3001001-5,,sys_user,finance_mgr,2026-06-17,GitHub,2021-01-01,2099-12-31,Balance Sheet,ACTIVE,18.0
66,3001011,Sales Revenue - Gold Jewellery,Revenue,Sales,3001000,Antique Jewellery,Mixed,L,CC-HOJ_SINGAPORE,PC-HOJ_HK,Middle East,France,TC136,3,ACTIVE,2020-12-01,2021-01-01,5,SUB-3001011-8,Excepturi possimus officiis sequi sequi.,FINANCE_ADMIN,finance_mgr,2026-06-17,GitHub,2021-01-01,2099-12-31,Cash Flow,active,24.0
67,3001021,Sales Revenue - Gold Jewellery,Revenue,Sales,3001000,Antique Jewellery,Silver,L,CC-HOJ_DOHA,PC-HOJ_RIYADH,North America,Canada,,5,Active,2020-12-01,2021-01-01,5,SUB-3001021-2,,admin,finance_mgr,2026-06-17,GitHub,2021-01-01,2099-12-31,Balance Sheet,ACTIVE,22.0
68,3001031,Sales Revenue - Gold Jewellery,Revenue,Sales,3001000,,Diamond,L,CC-HOJ_HK,PC-HOJ_SINGAPORE,,Saudi Arabia,,3,ACTIVE,2020-12-01,2021-01-01,1,SUB-3001031-3,Placeat enim dolorem at voluptatem quis provident aut.,sys_user,finance_mgr,2026-06-17,GitHub,2021-01-01,2099-12-31,P&L,Active,18.0
69,3001002,Sales Revenue - Diamond Jewellery,REVENUE,Sales,3001000,Antique Jewellery,Gold,L,CC-HOJ_DOHA,PC-TIFFANY_NY,Europe,Canada,TC166,18,Inactive,2020-12-01,2021-01-01,5,SUB-3001002-9,Possimus temporibus aliquid recusandae.,admin,finance_mgr,2026-06-17,GitHub,2021-01-01,2099-12-31,Balance Sheet,Active,
70,3001012,Sales Revenue - Diamond Jewellery,Revenue,Sales,3001000,Wedding Collection,Diamond,L,CC-HOJ_TORONTO,PC-HOJ_LONDON,Middle East,Saudi Arabia,,3,Active,2020-12-01,2021-01-01,1,SUB-3001012-1,,sys_user,,2026-06-17,GitHub,2021-01-01,2099-12-31,Cash Flow,Active,
71,3001022,Sales Revenue - Diamond Jewellery,Revenue,Sales,3001000,Wedding Collection,,L,CC-HOJ_SINGAPORE,PC-HOJ_LONDON,North America,UK,,3,ACTIVE,2020-12-01,2021-01-01,2,SUB-3001022-6,,admin,finance_mgr,2026-06-17,GitHub,2021-01-01,2099-12-31,Cash Flow,ACTIVE,
72,3001032,SALES REVENUE - DIAMOND JEWELLERY,Revenue,Sales,3001000,Gemstone Jewellery,Diamond,L,,PC-HOJ_LONDON,Middle East,Saudi Arabia,,5,ACTIVE,2020-12-01,2021-01-01,3,SUB-3001032-6,,admin,,2026-06-17,GitHub,2021-01-01,2099-12-31,Cash Flow,Active,
73,3001003,Sales Revenue - Silver Jewellery,Revenue,Sales,3001000,Gold Jewellery,,L,CC-CARTIER_PARIS,PC-HOJ_HK,Europe,Hong Kong,TC764,5,ACTIVE,2020-12-01,2021-01-01,1,,Tempore iure enim.,sys_user,finance_mgr,2026-06-17,GitHub,2021-01-01,2099-12-31,P&L,active,
74,3001013,Sales Revenue - Silver Jewellery,Revenue,Sales,3001000,Wedding Collection,Diamond,L,CC-HOJ_HK,PC-CARTIER_PARIS,Europe,,TC989,12,ACTIVE,2020-12-01,2021-01-01,3,SUB-3001013-9,Culpa ipsam exercitationem nesciunt odit incidunt dolorum.,admin,finance_mgr,2026-06-17,GitHub,2021-01-01,2099-12-31,Balance Sheet,ACTIVE,
75,3001023,Sales Revenue - Silver Jewellery,Revenue,Sales,3001000,Gold Jewellery,Diamond,L,CC-HOJ_HK,,Asia Pacific,USA,TC151,12,active,2020-12-01,2021-01-01,4,SUB-3001023-8,,sys_user,finance_mgr,2026-06-17,GitHub,2021-01-01,2099-12-31,Balance Sheet,active,
76,3001033,Sales Revenue - Silver Jewellery,Revenue,Sales,,Gold Jewellery,,L,CC-HOJ_SYDNEY,PC-HOJ_HK,North America,Qatar,TC439,0,active,2020-12-01,2021-01-01,4,,Eos praesentium accusantium rerum id ab sint.,admin,finance_mgr,2026-06-17,GitHub,2021-01-01,2099-12-31,Balance Sheet,active,
77,3001004,Sales Revenue - Platinum Jewellery,Revenue,Sales,3001000,Antique Jewellery,,L,CC-HOJ_TORONTO,PC-HOJ_LONDON,Europe,Qatar,TC210,18,Active,2020-12-01,2021-01-01,5,SUB-3001004-2,,FINANCE_ADMIN,finance_mgr,2026-06-17,GitHub,2021-01-01,2099-12-31,Balance Sheet,Active,
78,3001014,Sales Revenue - Platinum Jewellery,Revenue,Sales,3001000,Gemstone Jewellery,Diamond,L,CC-HOJ_SINGAPORE,PC-HOJ_SINGAPORE,North America,USA,TC493,18,ACTIVE,2020-12-01,2021-01-01,3,SUB-3001014-8,,FINANCE_ADMIN,finance_mgr,2026-06-17,GitHub,2021-01-01,2099-12-31,Balance Sheet,active,
79,3001024,Sales Revenue - Platinum Jewellery,Revenue,Sales,3001000,,Silver,L,CC-HOJ_SINGAPORE,PC-HOJ_SINGAPORE,North America,USA,TC696,18,active,2020-12-01,2021-01-01,5,SUB-3001024-5,,admin,finance_mgr,2026-06-17,GitHub,2021-01-01,,P&L,Active,
80,3001034,Sales Revenue - Platinum Jewellery,Revenue,Sales,3001000,,Gold,L,CC-HOJ_RIYADH,,Asia Pacific,Australia,TC860,0,active,2020-12-01,2021-01-01,3,SUB-3001034-1,,FINANCE_ADMIN,finance_mgr,2026-06-17,GitHub,2021-01-01,2099-12-31,P&L,active,
81,3001005,Sales Revenue - Gemstone Jewellery,Revenue,Sales,3001000,Diamond Jewellery,Silver,L,CC-HOJ_SYDNEY,PC-HOJ_DOHA,Middle East,Singapore,,5,ACTIVE,2020-12-01,2021-01-01,1,,,admin,finance_mgr,2026-06-17,GitHub,2021-01-01,2099-12-31,Balance Sheet,ACTIVE,
82,3001015,Sales Revenue - Gemstone Jewellery,Revenue,Sales,3001000,Wedding Collection,Silver,L,CC-HOJ_TORONTO,PC-HOJ_LONDON,North America,Singapore,TC905,3,active,2020-12-01,2021-01-01,3,SUB-3001015-4,Totam rerum ducimus repudiandae laboriosam rem quia.,sys_user,finance_mgr,2026-06-17,GitHub,2021-01-01,2099-12-31,Cash Flow,active,
83,3001025,Sales Revenue - Gemstone Jewellery,Revenue,Sales,,Wedding Collection,Diamond,L,CC-HOJ_TORONTO,PC-HOJ_DOHA,North America,UK,TC653,12,Active,2020-12-01,2021-01-01,3,SUB-3001025-9,,admin,,2026-06-17,GitHub,2021-01-01,2099-12-31,Balance Sheet,active,
84,3001035,Sales Revenue - Gemstone Jewellery,Revenue,Sales,3001000,Gold Jewellery,Diamond,L,CC-HOJ_DOHA,PC-CARTIER_PARIS,Middle East,France,TC173,0,ACTIVE,2021-13-01,2021-01-01,1,,,sys_user,finance_mgr,2026-06-17,GitHub,2021-01-01,2099-12-31,P&L,ACTIVE,
85,3001006,Sales Revenue - Wedding Collection,Revenue,Sales,,,Gold,L,,,Europe,Australia,TC905,12,Active,2020-12-01,2021-01-01,4,SUB-3001006-7,,admin,finance_mgr,2026-06-17,GitHub,2021-01-01,2099-12-31,Balance Sheet,active,
86,3001016,Sales Revenue - Wedding Collection,Revenue,Sales,3001000,Antique Jewellery,Silver,L,CC-DUBAI_GOLD,PC-HOJ_SYDNEY,,Canada,TC660,5,Inactive,2020-12-01,2021-01-01,3,SUB-3001016-4,Ad sunt natus totam dolore aperiam reprehenderit.,FINANCE_ADMIN,,2026-06-17,GitHub,2021-01-01,2099-12-31,Cash Flow,ACTIVE,
87,3001026,Sales Revenue - Wedding Collection,Revenue,Sales,,Antique Jewellery,,L,,PC-HOJ_LONDON,Middle East,Hong Kong,,3,ACTIVE,2020-12-01,2021-01-01,2,SUB-3001026-6,,FINANCE_ADMIN,finance_mgr,2026-06-17,GitHub,2021-01-01,2099-12-31,Cash Flow,active,
88,3001036,Sales Revenue - Wedding Collection,Revenue,Sales,3001000,,,L,CC-TIFFANY_NY,PC-TIFFANY_NY,Asia Pacific,Saudi Arabia,,5,Active,2020-12-01,2021-01-01,2,,Atque suscipit consequatur iste.,FINANCE_ADMIN,,2026-06-17,GitHub,2021-01-01,,P&L,active,
89,3001007,Sales Revenue - Antique Jewellery,Revenue,Sales,3001000,Gold Jewellery,,L,CC-HOJ_SYDNEY,PC-HOJ_SINGAPORE,Middle East,Canada,,0,Active,2020-12-01,2021-01-01,2,SUB-3001007-3,,admin,,2026-06-17,GitHub,2021-01-01,2099-12-31,Cash Flow,Active,
90,3001017,sales revenue - antique jewellery,Revenue,Sales,3001000,Silver Jewellery,Gold,L,CC-HOJ_SYDNEY,PC-TIFFANY_NY,Asia Pacific,UAE,,12,Inactive,2020-12-01,2021-01-01,5,SUB-3001017-3,,FINANCE_ADMIN,finance_mgr,2026-06-17,GitHub,2021-01-01,2099-12-31,Cash Flow,ACTIVE,
91,3001027,Sales Revenue - Antique Jewellery,Revenue,Sales,3001000,Silver Jewellery,Mixed,L,CC-DUBAI_GOLD,PC-HOJ_SINGAPORE,,Saudi Arabia,,12,Active,2020-12-01,2021-01-01,3,SUB-3001027-2,,admin,finance_mgr,2026-06-17,GitHub,2021-01-01,2099-12-31,Balance Sheet,Active,
92,3001037,Sales Revenue - Antique Jewellery,Revenue,Sales,3001000,Gold Jewellery,,L,CC-HOJ_RIYADH,PC-HOJ_SYDNEY,North America,UAE,TC845,3,Inactive,2020-12-01,2021-01-01,5,SUB-3001037-8,,sys_user,finance_mgr,2026-06-17,GitHub,2021-01-01,2099-12-31,P&L,active,
93,3002001,Other Income,Revenue,Non-Operating,3002000,,,L,,PC-HOJ_SYDNEY,Asia Pacific,Singapore,TC281,18,Active,2020-12-01,2021-01-01,1,SUB-3002001-2,,FINANCE_ADMIN,finance_mgr,2026-06-17,GitHub,2021-01-01,,Cash Flow,active,
94,3002011,Other Income,revenue,Non-Operating,3002000,Diamond Jewellery,Mixed,L,CC-CARTIER_PARIS,,Asia Pacific,Qatar,TC185,12,active,2020-12-01,,1,,,FINANCE_ADMIN,,2026-06-17,GitHub,2021-01-01,2099-12-31,Balance Sheet,ACTIVE,
95,3002021,Other Income,Revenue,Non-Operating,3002000,Platinum Jewellery,,L,CC-CARTIER_PARIS,PC-CARTIER_PARIS,Asia Pacific,USA,TC595,0,Inactive,2020-12-01,2021-01-01,4,SUB-3002021-3,A similique corporis consectetur dolorum cupiditate optio ad.,FINANCE_ADMIN,,2026-06-17,GitHub,2021-01-01,2099-12-31,P&L,Active,
96,3002031,Other Income,Revenue,Non-Operating,3002000,Wedding Collection,,L,CC-DUBAI_GOLD,PC-HOJ_SINGAPORE,North America,UK,,3,Active,2020-12-01,2021-01-01,4,,Facere ratione nihil.,admin,finance_mgr,2026-06-17,GitHub,2021-01-01,2099-12-31,Cash Flow,ACTIVE,
97,4001001,Cost of Goods Sold - Gold,Expense,COGS,4001000,Gold Jewellery,,A,CC-HOJ_DOHA,PC-DUBAI_GOLD,Middle East,UK,TC898,0,active,2020-12-01,2021-01-01,1,SUB-4001001-2,,FINANCE_ADMIN,finance_mgr,2026-06-17,GitHub,2021-01-01,2099-12-31,Balance Sheet,ACTIVE,14.0
98,4001011,Cost of Goods Sold - Gold,Expense,COGS,4001000,,,A,CC-HOJ_LONDON,PC-TIFFANY_NY,Asia Pacific,Australia,TC688,3,active,2020-12-01,2021-01-01,2,SUB-4001011-6,,sys_user,finance_mgr,2026-06-17,GitHub,2021-01-01,2099-12-31,Balance Sheet,Active,24.0
99,4001021,Cost of Goods Sold - Gold,Expense,COGS,4001000,Antique Jewellery,Silver,A,CC-DUBAI_GOLD,PC-HOJ_RIYADH,Europe,,TC282,0,Inactive,2020-12-01,2021-01-01,2,SUB-4001021-4,,FINANCE_ADMIN,,2026-06-17,GitHub,2021-01-01,2099-12-31,P&L,Active,24.0
100,4001031,Cost of Goods Sold - Gold,Expense,COGS,,Wedding Collection,Gold,A,CC-HOJ_SYDNEY,PC-HOJ_HK,North America,Canada,,18,Inactive,2020-12-01,2021-01-01,2,SUB-4001031-1,,FINANCE_ADMIN,,2026-06-17,GitHub,2021-01-01,2099-12-31,Cash Flow,Active,22.0
101,4001002,Cost of Goods Sold - Diamond,Expense,COGS,4001000,Gold Jewellery,Mixed,A,CC-TIFFANY_NY,PC-HOJ_RIYADH,Middle East,Hong Kong,TC451,12,active,2020-12-01,2021-01-01,3,SUB-4001002-6,,admin,finance_mgr,2026-06-17,GitHub,2021-01-01,2099-12-31,Cash Flow,Active,
102,4001012,Cost of Goods Sold - Diamond,Expense,COGS,4001000,,Diamond,A,CC-DUBAI_GOLD,PC-HOJ_HK,Asia Pacific,USA,TC407,0,Active,2020-12-01,2021-01-01,1,SUB-4001012-4,,FINANCE_ADMIN,,2026-06-17,GitHub,2021-01-01,2099-12-31,Balance Sheet,ACTIVE,
103,4001022,Cost of Goods Sold - Diamond,Expense,COGS,,Gold Jewellery,,A,CC-HOJ_TORONTO,PC-HOJ_SYDNEY,Middle East,Australia,TC854,5,Active,2020-12-01,2021-01-01,2,SUB-4001022-3,Sequi officiis quisquam quam.,sys_user,finance_mgr,2026-06-17,GitHub,2021-01-01,2099-12-31,P&L,Active,
104,4001032,Cost of Goods Sold - Diamond,Expense,COGS,4001000,Gemstone Jewellery,Silver,A,CC-TIFFANY_NY,PC-HOJ_SYDNEY,Europe,UAE,TC340,3,Active,2020-12-01,2021-01-01,1,SUB-4001032-2,,admin,,2026-06-17,GitHub,2021-01-01,2099-12-31,P&L,Active,
105,4001003,Cost of Goods Sold - Silver,Expense,COGS,4001000,,Silver,A,CC-HOJ_SINGAPORE,,North America,USA,TC578,5,Inactive,2020-12-01,2021-01-01,5,SUB-4001003-3,,FINANCE_ADMIN,finance_mgr,2026-06-17,GitHub,2021-01-01,2099-12-31,Cash Flow,active,
106,4001013,Cost of Goods Sold - Silver,Expense,COGS,4001000,Platinum Jewellery,,A,,PC-HOJ_SYDNEY,Asia Pacific,Hong Kong,TC804,18,active,2020-12-01,2021-01-01,3,SUB-4001013-4,,admin,finance_mgr,2026-06-17,GitHub,2021-01-01,2099-12-31,Balance Sheet,Active,
107,4001023,Cost of Goods Sold - Silver,Expense,COGS,4001000,Gold Jewellery,Diamond,A,CC-HOJ_TORONTO,PC-HOJ_RIYADH,Asia Pacific,France,,3,Inactive,2020-12-01,2021-01-01,4,SUB-4001023-5,,sys_user,,2026-06-17,GitHub,2021-01-01,,Cash Flow,Active,
108,4001033,Cost of Goods Sold - Silver,Expense,COGS,4001000,,,A,CC-HOJ_DOHA,PC-HOJ_RIYADH,Asia Pacific,Hong Kong,TC132,3,ACTIVE,2020-12-01,2021-01-01,1,SUB-4001033-9,,sys_user,finance_mgr,2026-06-17,GitHub,2021-01-01,2099-12-31,P&L,active,
109,4001004,Cost of Goods Sold - Platinum,Expense,COGS,4001000,Diamond Jewellery,Gold,A,CC-HOJ_DOHA,PC-HOJ_RIYADH,Asia Pacific,UAE,TC662,3,Inactive,2020-12-01,2021-01-01,3,SUB-4001004-1,,admin,,2026-06-17,GitHub,2021-01-01,2099-12-31,P&L,Active,
110,4001014,Cost of Goods Sold - Platinum,Expense,COGS,4001000,Gemstone Jewellery,Mixed,A,CC-HOJ_SINGAPORE,PC-HOJ_LONDON,,Canada,TC877,5,Active,2020-12-01,2021-01-01,5,,,FINANCE_ADMIN,finance_mgr,2026-06-17,GitHub,2021-01-01,2099-12-31,Balance Sheet,active,
111,4001024,Cost of Goods Sold - Platinum,Expense,COGS,4001000,Gold Jewellery,Mixed,A,CC-HOJ_SYDNEY,PC-HOJ_DOHA,Asia Pacific,Hong Kong,TC951,3,ACTIVE,2020-12-01,2021-01-01,3,SUB-4001024-5,,FINANCE_ADMIN,finance_mgr,2026-06-17,GitHub,2021-01-01,2099-12-31,P&L,active,
112,4001034,Cost of Goods Sold - Platinum,Expense,COGS,4001000,Gemstone Jewellery,Diamond,A,CC-HOJ_HK,PC-HOJ_SINGAPORE,North America,USA,TC635,5,Active,2020-12-01,2021-01-01,1,,,admin,finance_mgr,2026-06-17,GitHub,2021-01-01,2099-12-31,Cash Flow,ACTIVE,
113,4001005,Cost of Goods Sold - Gemstone,expense,COGS,4001000,,Diamond,A,CC-HOJ_LONDON,PC-DUBAI_GOLD,Europe,UAE,TC372,18,Active,2020-12-01,2021-01-01,2,,At minus fugiat.,FINANCE_ADMIN,finance_mgr,2026-06-17,GitHub,2021-01-01,2099-12-31,Cash Flow,Active,
114,4001015,Cost of Goods Sold - Gemstone,Expense,COGS,4001000,Gold Jewellery,,A,CC-HOJ_HK,PC-CARTIER_PARIS,Asia Pacific,Australia,TC445,18,active,2020-12-01,2021-01-01,5,SUB-4001015-6,,FINANCE_ADMIN,finance_mgr,2026-06-17,GitHub,2021-01-01,2099-12-31,Cash Flow,Active,
115,4001025,Cost of Goods Sold - Gemstone,Expense,COGS,4001000,Silver Jewellery,Mixed,A,CC-DUBAI_GOLD,PC-HOJ_RIYADH,Asia Pacific,,TC327,18,Inactive,2021-13-01,2021-01-01,3,SUB-4001025-9,,FINANCE_ADMIN,,2026-06-17,GitHub,2021-01-01,,Balance Sheet,Active,
116,4001035,Cost of Goods Sold - Gemstone,Expense,COGS,4001000,,Mixed,A,CC-HOJ_DOHA,PC-TIFFANY_NY,Asia Pacific,Canada,TC197,3,Inactive,2020-12-01,2021-01-01,4,SUB-4001035-2,Laborum ipsam earum quidem beatae inventore.,sys_user,finance_mgr,2026-06-17,GitHub,2021-01-01,2099-12-31,Balance Sheet,Active,
117,4002001,Employee Salaries,Expense,Operating,4002000,Wedding Collection,Silver,A,CC-TIFFANY_NY,PC-HOJ_SINGAPORE,Middle East,France,TC870,3,Active,2020-12-01,2021-01-01,4,,,FINANCE_ADMIN,finance_mgr,2026-06-17,GitHub,2021-01-01,2099-12-31,Balance Sheet,Active,
118,4002011,Employee Salaries,Expense,Operating,4002000,,Mixed,A,CC-HOJ_DOHA,PC-HOJ_SYDNEY,Europe,France,,12,active,2020-12-01,2021-01-01,3,SUB-4002011-6,,sys_user,,2026-06-17,GitHub,2021-01-01,2099-12-31,Balance Sheet,active,
119,4002021,Employee Salaries,Expense,Operating,4002000,Diamond Jewellery,,A,CC-DUBAI_GOLD,PC-HOJ_TORONTO,,UK,,3,ACTIVE,2020-12-01,2021-01-01,5,SUB-4002021-9,,FINANCE_ADMIN,finance_mgr,2026-06-17,GitHub,2021-01-01,2099-12-31,Cash Flow,active,
120,4002031,Employee Salaries,Expense,Operating,4002000,,,A,CC-HOJ_HK,,Middle East,USA,TC119,0,active,2020-12-01,2021-01-01,1,SUB-4002031-6,,admin,,2026-06-17,GitHub,2021-01-01,2099-12-31,Balance Sheet,active,
121,4002002,Store Rent,Expense,Operating,4002000,,Silver,A,CC-TIFFANY_NY,PC-HOJ_DOHA,Asia Pacific,UAE,TC999,0,Active,2020-12-01,2021-01-01,2,SUB-4002002-3,,admin,,2026-06-17,GitHub,2021-01-01,2099-12-31,Cash Flow,active,
122,4002012,Store Rent,Expense,Operating,4002000,Gemstone Jewellery,,A,CC-HOJ_SINGAPORE,PC-HOJ_DOHA,Middle East,Australia,TC540,3,ACTIVE,2020-12-01,2021-01-01,2,,,FINANCE_ADMIN,,2026-06-17,GitHub,2021-01-01,2099-12-31,P&L,active,
123,4002022,Store Rent,Expense,Operating,4002000,Platinum Jewellery,,A,CC-HOJ_DOHA,,North America,Canada,TC336,0,ACTIVE,2020-12-01,2021-01-01,4,SUB-4002022-3,At sapiente doloribus nihil minima id.,FINANCE_ADMIN,finance_mgr,2026-06-17,GitHub,2021-01-01,2099-12-31,Balance Sheet,ACTIVE,
124,4002032,Store Rent,expense,Operating,4002000,Gold Jewellery,,A,CC-HOJ_DOHA,PC-HOJ_LONDON,Asia Pacific,Hong Kong,TC987,12,ACTIVE,2020-12-01,2021-01-01,5,SUB-4002032-7,,FINANCE_ADMIN,finance_mgr,2026-06-17,GitHub,2021-01-01,2099-12-31,Cash Flow,active,
125,4002003,Marketing & Advertising,Expense,Operating,,Diamond Jewellery,Mixed,A,CC-DUBAI_GOLD,PC-HOJ_SYDNEY,Middle East,Hong Kong,TC411,0,Inactive,2020-12-01,2021-01-01,5,SUB-4002003-1,Magni temporibus expedita quas reprehenderit repellendus dolores.,sys_user,finance_mgr,2026-06-17,GitHub,2021-01-01,2099-12-31,Cash Flow,active,
126,4002013,Marketing & Advertising,Expense,Operating,4002000,Platinum Jewellery,,A,CC-HOJ_HK,PC-HOJ_DOHA,Europe,Singapore,,0,active,2020-12-01,2021-01-01,4,SUB-4002013-9,,FINANCE_ADMIN,finance_mgr,2026-06-17,GitHub,2021-01-01,2099-12-31,Balance Sheet,active,
127,4002023,Marketing & Advertising,Expense,Operating,,Silver Jewellery,,A,CC-HOJ_SINGAPORE,PC-HOJ_SINGAPORE,Middle East,,TC609,3,Active,2020-12-01,2021-01-01,2,SUB-4002023-8,,FINANCE_ADMIN,finance_mgr,2026-06-17,GitHub,2021-01-01,2099-12-31,Cash Flow,ACTIVE,
128,4002033,Marketing & Advertising,Expense,Operating,4002000,Gold Jewellery,,A,CC-DUBAI_GOLD,PC-HOJ_TORONTO,,France,TC265,18,ACTIVE,2020-12-01,2021-01-01,3,,,sys_user,finance_mgr,2026-06-17,GitHub,2021-01-01,2099-12-31,Balance Sheet,active,
129,4002004,Utilities,Expense,Operating,4002000,Gemstone Jewellery,Diamond,A,,PC-HOJ_TORONTO,Asia Pacific,Hong Kong,TC719,0,Inactive,2020-12-01,2021-01-01,3,SUB-4002004-9,Iusto occaecati recusandae nihil.,admin,finance_mgr,2026-06-17,GitHub,2021-01-01,2099-12-31,Cash Flow,active,
130,4002014,Utilities,Expense,Operating,4002000,,Gold,A,CC-HOJ_LONDON,PC-HOJ_DOHA,Europe,USA,TC925,12,Active,2020-12-01,2021-01-01,3,SUB-4002014-2,,sys_user,finance_mgr,2026-06-17,GitHub,2021-01-01,2099-12-31,Balance Sheet,ACTIVE,
131,4002024,Utilities,EXPENSE,Operating,4002000,Silver Jewellery,Mixed,A,CC-DUBAI_GOLD,PC-HOJ_HK,Asia Pacific,Australia,TC573,12,active,2020-12-01,2021-01-01,5,SUB-4002024-5,Nostrum magni iure mollitia.,FINANCE_ADMIN,finance_mgr,2026-06-17,GitHub,2021-01-01,2099-12-31,Cash Flow,ACTIVE,
132,  4002034   ,Utilities,Expense,Operating,4002000,Platinum Jewellery,Diamond,A,CC-CARTIER_PARIS,PC-HOJ_LONDON,Middle East,USA,TC378,5,active,2020-12-01,2021-01-01,3,SUB-4002034-4,,sys_user,finance_mgr,2026-06-17,GitHub,2021-01-01,2099-12-31,P&L,ACTIVE,
133,4002005,Insurance,Expense,Operating,4002000,Platinum Jewellery,,A,CC-TIFFANY_NY,PC-HOJ_LONDON,Asia Pacific,Singapore,TC137,18,Active,01/12/2020,2021-01-01,5,SUB-4002005-2,Non magnam vero ipsum repellat saepe.,admin,finance_mgr,2026-06-17,GitHub,2021-01-01,2099-12-31,Balance Sheet,Active,
134,4002015,Insurance,Expense,Operating,4002000,,Silver,A,CC-HOJ_LONDON,PC-HOJ_SINGAPORE,Middle East,Australia,TC311,18,Inactive,2020-12-01,2021-01-01,3,,,sys_user,finance_mgr,2026-06-17,GitHub,2021-01-01,,P&L,ACTIVE,
135,4002025,insurance,Expense,Operating,4002000,Gemstone Jewellery,Mixed,A,CC-HOJ_RIYADH,PC-HOJ_DOHA,,Hong Kong,TC195,0,active,2020-12-01,2021-01-01,4,,,FINANCE_ADMIN,,2026-06-17,GitHub,2021-01-01,2099-12-31,P&L,active,
136,4002035,Insurance,Expense,Operating,,,Mixed,A,CC-HOJ_SINGAPORE,PC-TIFFANY_NY,Asia Pacific,France,,5,Active,2020-12-01,2021-01-01,4,,,admin,finance_mgr,2026-06-17,GitHub,2021-01-01,2099-12-31,Balance Sheet,Active,
137,4003001,GST Input Credit,Expense,Tax,4003000,,Gold,A,CC-HOJ_TORONTO,PC-HOJ_LONDON,Asia Pacific,UK,TC280,18,active,2020-12-01,2021-01-01,5,SUB-4003001-7,Sit ex nesciunt consequuntur expedita voluptas praesentium hic.,admin,,2026-06-17,GitHub,2021-01-01,2099-12-31,Cash Flow,active,
138,4003011,GST Input Credit,Expense,Tax,4003000,Gemstone Jewellery,,A,CC-TIFFANY_NY,PC-HOJ_RIYADH,Europe,USA,,0,active,2020-12-01,2021-01-01,1,SUB-4003011-6,Quae assumenda nam officia eveniet consectetur praesentium veniam.,admin,finance_mgr,2026-06-17,GitHub,2021-01-01,2099-12-31,Balance Sheet,Active,
139,4003021,GST Input Credit,Expense,Tax,4003000,Silver Jewellery,,A,CC-HOJ_SYDNEY,PC-HOJ_SINGAPORE,Middle East,USA,TC257,5,ACTIVE,2020-12-01,2021-01-01,1,SUB-4003021-3,,sys_user,finance_mgr,2026-06-17,GitHub,2021-01-01,2099-12-31,P&L,active,
140,4003031,GST Input Credit,Expense,Tax,4003000,,,A,CC-HOJ_HK,PC-HOJ_DOHA,,Hong Kong,TC342,12,Inactive,2020-12-01,2021-01-01,3,SUB-4003031-1,,FINANCE_ADMIN,finance_mgr,2026-06-17,GitHub,2021-01-01,2099-12-31,Cash Flow,Active,
141,5001001,Share Capital,Equity,Paid Up Capital,5001000,,,L,,PC-HOJ_HK,Europe,Australia,TC419,3,Inactive,2020-12-01,,4,SUB-5001001-9,,sys_user,finance_mgr,2026-06-17,GitHub,2021-01-01,2099-12-31,Balance Sheet,ACTIVE,
142,5001011,Share Capital,Equity,Paid Up Capital,5001000,Antique Jewellery,Gold,L,CC-HOJ_TORONTO,PC-DUBAI_GOLD,Middle East,,,3,Active,2020-12-01,2021-01-01,2,,,FINANCE_ADMIN,,2026-06-17,GitHub,2021-01-01,2099-12-31,Cash Flow,active,
143,5001021,Share Capital,Equity,Paid Up Capital,5001000,,Diamond,L,CC-DUBAI_GOLD,PC-HOJ_LONDON,North America,Singapore,TC870,3,active,2020-12-01,2021-01-01,2,SUB-5001021-4,Doloremque dolores vitae quos temporibus deserunt perspiciatis.,admin,finance_mgr,2026-06-17,GitHub,2021-01-01,2099-12-31,P&L,Active,
144,5001031,Share Capital,Equity,Paid Up Capital,5001000,Antique Jewellery,,L,CC-CARTIER_PARIS,PC-HOJ_SINGAPORE,,Hong Kong,TC423,3,Active,2020-12-01,2021-01-01,3,SUB-5001031-7,Voluptates iure eligendi fugit minima vitae repellendus.,sys_user,finance_mgr,2026-06-17,GitHub,2021-01-01,2099-12-31,P&L,ACTIVE,
145,5001002,Retained Earnings,Equity,Retained Earnings,5001000,Wedding Collection,Diamond,L,CC-HOJ_SINGAPORE,PC-DUBAI_GOLD,,UK,TC801,3,ACTIVE,2020-12-01,2021-01-01,1,SUB-5001002-1,,FINANCE_ADMIN,finance_mgr,2026-06-17,GitHub,2021-01-01,2099-12-31,Cash Flow,active,
146,5001012,Retained Earnings,Equity,Retained Earnings,5001000,Platinum Jewellery,,L,CC-HOJ_SINGAPORE,PC-HOJ_SINGAPORE,Asia Pacific,UK,TC383,3,Inactive,2020-12-01,2021-01-01,3,SUB-5001012-1,,admin,,2026-06-17,GitHub,2021-01-01,2099-12-31,P&L,ACTIVE,
147,  5001022   ,Retained Earnings,Equity,Retained Earnings,5001000,Wedding Collection,Diamond,L,CC-CARTIER_PARIS,PC-HOJ_LONDON,Middle East,,TC845,3,active,01-Dec-2020,2021-01-01,1,SUB-5001022-1,,FINANCE_ADMIN,finance_mgr,2026-06-17,GitHub,2021-01-01,2099-12-31,P&L,active,
148,5001032,Retained Earnings,Equity,Retained Earnings,5001000,Wedding Collection,Gold,L,CC-DUBAI_GOLD,PC-HOJ_HK,Asia Pacific,USA,TC410,3,Active,2020-12-01,2021-01-01,3,SUB-5001032-2,Impedit id fugiat.,sys_user,finance_mgr,2026-06-17,GitHub,2021-01-01,2099-12-31,P&L,ACTIVE,
49,2001002,gst payable,Liability,Tax Liability,2001000,,Diamond,L,CC-HOJ_SYDNEY,PC-TIFFANY_NY,Europe,Australia,TC939,12,Active,2020-12-01,2021-01-01,2,,,sys_user,finance_mgr,2026-06-17,GitHub,2021-01-01,2099-12-31,Balance Sheet,ACTIVE,
77,3001004,Sales Revenue - Platinum Jewellery,Revenue,Sales,3001000,Antique Jewellery,,L,CC-HOJ_TORONTO,PC-HOJ_LONDON,Europe,Qatar,TC210,18,Active,2020-12-01,2021-01-01,5,SUB-3001004-2,,FINANCE_ADMIN,finance_mgr,2026-06-17,GitHub,2021-01-01,2099-12-31,Balance Sheet,Active,
100,4001031,Cost of Goods Sold - Gold,Expense,COGS,,Wedding Collection,Gold,A,CC-HOJ_SYDNEY,PC-HOJ_HK,North America,Canada,,18,Inactive,2020-12-01,2021-01-01,2,SUB-4001031-1,,FINANCE_ADMIN,,2026-06-17,GitHub,2021-01-01,2099-12-31,Cash Flow,Active,22.0
28,1003034,Platinum Inventory,Asset,Inventory,1003000,Platinum Jewellery,Diamond,A,CC-HOJ_LONDON,,Europe,UK,TC887,3,active,2020-12-01,2021-01-01,3,SUB-1003034-8,,sys_user,finance_mgr,2026-06-17,GitHub,2021-01-01,2099-12-31,Cash Flow,ACTIVE,
92,3001037,Sales Revenue - Antique Jewellery,Revenue,Sales,3001000,Gold Jewellery,,L,CC-HOJ_RIYADH,PC-HOJ_SYDNEY,North America,UAE,TC845,3,Inactive,2020-12-01,2021-01-01,5,SUB-3001037-8,,sys_user,finance_mgr,2026-06-17,GitHub,2021-01-01,2099-12-31,P&L,active,
125,4002003,Marketing & Advertising,Expense,Operating,,Diamond Jewellery,Mixed,A,CC-DUBAI_GOLD,PC-HOJ_SYDNEY,Middle East,Hong Kong,TC411,0,Inactive,2020-12-01,2021-01-01,5,SUB-4002003-1,Magni temporibus expedita quas reprehenderit repellendus dolores.,sys_user,finance_mgr,2026-06-17,GitHub,2021-01-01,2099-12-31,Cash Flow,active,
22,1003013,Silver Inventory,Asset,Inventory,1003000,Gemstone Jewellery,,A,CC-HOJ_DOHA,PC-HOJ_LONDON,,,TC486,3,Active,2020-12-01,2021-01-01,5,,,sys_user,finance_mgr,2026-06-17,GitHub,2021-01-01,2099-12-31,P&L,Active,
113,4001005,Cost of Goods Sold - Gemstone,expense,COGS,4001000,,Diamond,A,CC-HOJ_LONDON,PC-DUBAI_GOLD,Europe,UAE,TC372,18,Active,2020-12-01,2021-01-01,2,,At minus fugiat.,FINANCE_ADMIN,finance_mgr,2026-06-17,GitHub,2021-01-01,2099-12-31,Cash Flow,Active,
49,2001002,gst payable,Liability,Tax Liability,2001000,,Diamond,L,CC-HOJ_SYDNEY,PC-TIFFANY_NY,Europe,Australia,TC939,12,Active,2020-12-01,2021-01-01,2,,,sys_user,finance_mgr,2026-06-17,GitHub,2021-01-01,2099-12-31,Balance Sheet,ACTIVE,
36,1004031,Furniture & Fixtures,Asset,Fixed Asset,1004000,,,A,CC-HOJ_DOHA,PC-HOJ_SINGAPORE,Asia Pacific,France,TC688,3,ACTIVE,2020-12-01,2021-01-01,2,,,admin,finance_mgr,2026-06-17,GitHub,2021-01-01,2099-12-31,P&L,ACTIVE,
10,1002011,Accounts Receivable,Asset,Current Asset,1002000,,,A,CC-HOJ_TORONTO,PC-CARTIER_PARIS,Middle East,Australia,TC645,3,Inactive,2020-12-01,,3,SUB-1002011-2,,FINANCE_ADMIN,finance_mgr,2026-06-17,GitHub,2021-01-01,2099-12-31,Cash Flow,ACTIVE,
50,2001012,GST Payable,Liability,Tax Liability,2001000,,Diamond,L,CC-TIFFANY_NY,PC-HOJ_SYDNEY,Middle East,Hong Kong,,5,Inactive,2020-12-01,2021-01-01,1,SUB-2001012-4,,admin,finance_mgr,2026-06-17,GitHub,2021-01-01,2099-12-31,Balance Sheet,active,
7,1001022,Bank Account - Current,Asset,Current Asset,1001000,Wedding Collection,,A,CC-DUBAI_GOLD,PC-CARTIER_PARIS,Middle East,Singapore,TC835,3,Inactive,2020-12-01,2021-01-01,3,SUB-1001022-9,,sys_user,,2026-06-17,GitHub,2021-01-01,2099-12-31,P&L,Active,
28,1003034,Platinum Inventory,Asset,Inventory,1003000,Platinum Jewellery,Diamond,A,CC-HOJ_LONDON,,Europe,UK,TC887,3,active,2020-12-01,2021-01-01,3,SUB-1003034-8,,sys_user,finance_mgr,2026-06-17,GitHub,2021-01-01,2099-12-31,Cash Flow,ACTIVE,
62,2002012,Intercompany Payable,Liability,Long Term Liability,,Silver Jewellery,,L,,PC-TIFFANY_NY,Middle East,Saudi Arabia,TC120,5,Inactive,2020-12-01,2021-01-01,1,,Nemo doloremque quod aliquam quia.,sys_user,finance_mgr,2026-06-17,GitHub,2021-01-01,2099-12-31,Cash Flow,ACTIVE,
