TERM_KEY,TERM_CODE,TERM_NAME,TERM_DAYS,GRACE_DAYS,DISCOUNT_PERCENT,DISCOUNT_DAYS,TERM_CATEGORY,PAYMENT_METHOD,STATUS,EARLY_PAYMENT_FLAG,LATE_FEE_FLAG,LATE_FEE_PERCENT,BUSINESS_UNIT,LEGAL_ENTITY,CURRENCY_CODE,TERM_SHORT_NAME,DISPLAY_COLOR,OLD_TERM_CODE,LEGACY_TERM_ID,EXPORT_FLAG,SCREEN_NAME,CACHE_KEY,TEMP_FLAG,REPORT_GROUP
1,PREPAID,Prepaid,0,3,0,0,PURCHASE,CHECK,INACTIVE,0,0,1.1544155303552042,BU03,LE01,GBP,PREPAID,#4ECDC4,OLD1,1,1,PaymentTermScreen,term_1,1,GROUP2
2,PREPAID,Prepaid,0,0,0,0,SALES,CREDIT_CARD,INACTIVE,0,0,1.4658681427179954,BU01,LE02,EUR,PREPAID,#FF6B6B,OLD2,2,0,PaymentTermScreen,term_2,0,GROUP8
3,COD,Cash On Delivery,0,4,0,0,SALES,CREDIT_CARD,ACTIVE,1,1,1.902871913345692,BU05,LE01,USD,COD,#45B7D1,OLD3,3,1,PaymentTermScreen,term_3,0,GROUP2
4,NET090,Net 90,90,4,0,0,PURCHASE,ACH,INACTIVE,0,0,1.6209769613437535,BU04,LE01,AED,NET090,#4ECDC4,OLD4,4,1,PaymentTermScreen,term_4,0,GROUP1
5,PREPAID,Prepaid,0,5,0,0,SALES,ACH,INACTIVE,1,1,0.07893914325019757,BU01,LE03,GBP,PREPAID,#FF6B6B,OLD5,5,1,PaymentTermScreen,term_5,0,GROUP8
6,NET090,Net 90,90,3,0,0,SALES,ACH,ACTIVE,1,0,1.3544944822956635,BU05,LE03,EUR,NET090,#FF6B6B,OLD6,6,1,PaymentTermScreen,term_6,1,GROUP2
7,1/15NET45,1% 15 Net 45,45,3,1,15,SALES,WIRE,ACTIVE,1,1,0.41578697264868025,BU01,LE01,INR,1/15NET45,#FF6B6B,OLD7,7,0,PaymentTermScreen,term_7,0,GROUP3
8,NET030,Net 30,30,2,0,0,PURCHASE,CREDIT_CARD,ACTIVE,0,0,1.1822760587446155,BU04,LE02,EUR,NET030,#FF6B6B,OLD8,8,1,PaymentTermScreen,term_8,1,GROUP1
9,NET030,Net 30,30,3,0,0,PURCHASE,CREDIT_CARD,INACTIVE,1,1,0.07070086928453745,BU04,LE03,INR,NET030,#45B7D1,OLD9,9,0,PaymentTermScreen,term_9,1,GROUP7
10,COD,Cash On Delivery,0,4,0,0,PURCHASE,ACH,INACTIVE,1,1,1.8018100777476602,BU05,LE01,AED,COD,#45B7D1,OLD10,10,1,PaymentTermScreen,term_10,1,GROUP8
11,NET090,Net 90,90,5,0,0,PURCHASE,WIRE,ACTIVE,0,1,0.2879058979007545,BU02,LE02,USD,NET090,#45B7D1,OLD11,11,1,PaymentTermScreen,term_11,1,GROUP2
12,NET060,Net 60,60,4,0,0,PURCHASE,CREDIT_CARD,INACTIVE,0,1,1.2965160673172826,BU03,LE01,INR,NET060,#45B7D1,OLD12,12,0,PaymentTermScreen,term_12,0,GROUP2
13,NET060,Net 60,60,0,0,0,PURCHASE,ACH,ACTIVE,0,1,0.9534613595857857,BU01,LE01,AED,NET060,#4ECDC4,OLD13,13,0,PaymentTermScreen,term_13,0,GROUP9
14,COD,Cash On Delivery,0,0,0,0,SALES,CREDIT_CARD,INACTIVE,1,0,0.006133084728507487,BU04,LE01,EUR,COD,#4ECDC4,OLD14,14,0,PaymentTermScreen,term_14,0,GROUP4
15,NET060,Net 60,60,0,0,0,PURCHASE,WIRE,ACTIVE,0,1,1.0946018000009805,BU04,LE02,EUR,NET060,#45B7D1,OLD15,15,1,PaymentTermScreen,term_15,0,GROUP7
16,NET060,Net 60,60,5,0,0,PURCHASE,CHECK,INACTIVE,0,1,1.7486990481069062,BU03,LE03,INR,NET060,#FF6B6B,OLD16,16,1,PaymentTermScreen,term_16,0,GROUP5
17,1/15NET45,1% 15 Net 45,45,5,1,15,PURCHASE,ACH,INACTIVE,0,0,1.646095824030565,BU01,LE01,AED,1/15NET45,#4ECDC4,OLD17,17,1,PaymentTermScreen,term_17,1,GROUP2
18,NET060,Net 60,60,3,0,0,PURCHASE,CHECK,INACTIVE,0,1,0.7451050191058379,BU02,LE01,USD,NET060,#45B7D1,OLD18,18,0,PaymentTermScreen,term_18,1,GROUP1
19,NET090,Net 90,90,5,0,0,PURCHASE,CHECK,ACTIVE,1,0,1.846069948291013,BU05,LE02,USD,NET090,#FF6B6B,OLD19,19,0,PaymentTermScreen,term_19,0,GROUP6
20,1/15NET45,1% 15 Net 45,45,2,1,15,PURCHASE,ACH,INACTIVE,0,0,1.0779818294026742,BU05,LE03,USD,1/15NET45,#45B7D1,OLD20,20,0,PaymentTermScreen,term_20,1,GROUP9
21,NET030,Net 30,30,5,0,0,SALES,CHECK,ACTIVE,1,0,0.5566499581372384,BU01,LE03,USD,NET030,#FF6B6B,OLD21,21,1,PaymentTermScreen,term_21,0,GROUP9
22,PREPAID,Prepaid,0,1,0,0,PURCHASE,ACH,ACTIVE,0,0,1.1980111314617727,BU03,LE03,INR,PREPAID,#FF6B6B,OLD22,22,0,PaymentTermScreen,term_22,0,GROUP5
23,2/10NET30,2% 10 Net 30,30,1,2,10,SALES,CREDIT_CARD,INACTIVE,0,0,0.6187337069684868,BU03,LE02,EUR,2/10NET30,#4ECDC4,OLD23,23,1,PaymentTermScreen,term_23,0,GROUP5
24,NET060,Net 60,60,5,0,0,SALES,ACH,INACTIVE,1,0,0.9183246119510748,BU05,LE02,INR,NET060,#4ECDC4,OLD24,24,1,PaymentTermScreen,term_24,0,GROUP7
25,PREPAID,Prepaid,0,0,0,0,PURCHASE,WIRE,ACTIVE,0,0,0.06552837371475762,BU02,LE02,GBP,PREPAID,#45B7D1,OLD25,25,1,PaymentTermScreen,term_25,0,GROUP6
26,PREPAID,Prepaid,0,3,0,0,SALES,CHECK,INACTIVE,1,1,1.3641915635033073,BU01,LE02,AED,PREPAID,#FF6B6B,OLD26,26,0,PaymentTermScreen,term_26,0,GROUP1
27,NET060,Net 60,60,2,0,0,PURCHASE,CHECK,INACTIVE,1,0,1.0949220718849195,BU01,LE01,GBP,NET060,#45B7D1,OLD27,27,1,PaymentTermScreen,term_27,1,GROUP1
28,1/15NET45,1% 15 Net 45,45,3,1,15,PURCHASE,ACH,INACTIVE,1,1,1.6614094698532595,BU04,LE01,EUR,1/15NET45,#4ECDC4,OLD28,28,1,PaymentTermScreen,term_28,0,GROUP3
29,2/10NET30,2% 10 Net 30,30,3,2,10,SALES,CREDIT_CARD,INACTIVE,0,0,0.10145441751992057,BU01,LE03,GBP,2/10NET30,#4ECDC4,OLD29,29,0,PaymentTermScreen,term_29,0,GROUP6
30,2/10NET30,2% 10 Net 30,30,5,2,10,PURCHASE,WIRE,ACTIVE,1,0,1.7246467066521136,BU03,LE01,AED,2/10NET30,#45B7D1,OLD30,30,1,PaymentTermScreen,term_30,0,GROUP7
31,1/15NET45,1% 15 Net 45,45,3,1,15,SALES,WIRE,INACTIVE,0,0,0.45385579258845077,BU05,LE02,EUR,1/15NET45,#FF6B6B,OLD31,31,1,PaymentTermScreen,term_31,0,GROUP2
32,2/10NET30,2% 10 Net 30,30,2,2,10,PURCHASE,CHECK,ACTIVE,0,1,0.30143685850737656,BU05,LE02,INR,2/10NET30,#4ECDC4,OLD32,32,1,PaymentTermScreen,term_32,0,GROUP9
33,1/15NET45,1% 15 Net 45,45,2,1,15,SALES,CHECK,INACTIVE,0,0,0.6393569717635657,BU03,LE01,GBP,1/15NET45,#4ECDC4,OLD33,33,1,PaymentTermScreen,term_33,0,GROUP10
34,NET060,Net 60,60,5,0,0,PURCHASE,ACH,ACTIVE,0,1,0.5221088718938955,BU05,LE01,GBP,NET060,#FF6B6B,OLD34,34,0,PaymentTermScreen,term_34,0,GROUP10
35,1/15NET45,1% 15 Net 45,45,0,1,15,PURCHASE,CREDIT_CARD,ACTIVE,0,0,0.47681159455050603,BU03,LE02,INR,1/15NET45,#45B7D1,OLD35,35,0,PaymentTermScreen,term_35,0,GROUP6
36,COD,Cash On Delivery,0,3,0,0,PURCHASE,CHECK,ACTIVE,1,0,1.4861272889020982,BU03,LE02,EUR,COD,#FF6B6B,OLD36,36,1,PaymentTermScreen,term_36,0,GROUP2
37,COD,Cash On Delivery,0,0,0,0,SALES,ACH,INACTIVE,0,1,0.03255058054939175,BU03,LE01,USD,COD,#FF6B6B,OLD37,37,1,PaymentTermScreen,term_37,0,GROUP2
38,COD,Cash On Delivery,0,1,0,0,PURCHASE,CHECK,ACTIVE,1,0,0.578085621904318,BU02,LE01,USD,COD,#FF6B6B,OLD38,38,1,PaymentTermScreen,term_38,1,GROUP4
39,NET030,Net 30,30,5,0,0,SALES,CREDIT_CARD,INACTIVE,1,0,1.6902620531503847,BU05,LE02,EUR,NET030,#45B7D1,OLD39,39,1,PaymentTermScreen,term_39,0,GROUP2
40,NET090,Net 90,90,2,0,0,SALES,CHECK,ACTIVE,0,1,0.4281595310305395,BU02,LE01,GBP,NET090,#FF6B6B,OLD40,40,1,PaymentTermScreen,term_40,0,GROUP4
41,1/15NET45,1% 15 Net 45,45,0,1,15,SALES,CHECK,INACTIVE,0,0,0.5495377986611056,BU03,LE03,INR,1/15NET45,#45B7D1,OLD41,41,0,PaymentTermScreen,term_41,1,GROUP8
42,NET090,Net 90,90,0,0,0,SALES,WIRE,INACTIVE,0,1,1.9752849537734491,BU05,LE03,GBP,NET090,#45B7D1,OLD42,42,1,PaymentTermScreen,term_42,0,GROUP10
43,2/10NET30,2% 10 Net 30,30,0,2,10,SALES,CHECK,INACTIVE,0,1,0.6964098187783692,BU01,LE03,INR,2/10NET30,#FF6B6B,OLD43,43,1,PaymentTermScreen,term_43,1,GROUP4
44,NET060,Net 60,60,3,0,0,PURCHASE,CHECK,INACTIVE,1,1,0.2510682773843804,BU02,LE03,AED,NET060,#FF6B6B,OLD44,44,0,PaymentTermScreen,term_44,0,GROUP2
45,NET030,Net 30,30,2,0,0,PURCHASE,WIRE,INACTIVE,0,0,0.47039267595108325,BU05,LE03,GBP,NET030,#FF6B6B,OLD45,45,0,PaymentTermScreen,term_45,0,GROUP1
46,NET090,Net 90,90,0,0,0,SALES,CHECK,INACTIVE,1,1,1.396438359328098,BU05,LE02,AED,NET090,#45B7D1,OLD46,46,0,PaymentTermScreen,term_46,1,GROUP5
47,NET030,Net 30,30,4,0,0,PURCHASE,CREDIT_CARD,INACTIVE,0,0,0.208553002275927,BU05,LE03,USD,NET030,#4ECDC4,OLD47,47,0,PaymentTermScreen,term_47,1,GROUP7
48,NET030,Net 30,30,4,0,0,PURCHASE,WIRE,ACTIVE,0,0,1.807991395470159,BU01,LE02,INR,NET030,#45B7D1,OLD48,48,1,PaymentTermScreen,term_48,0,GROUP1
49,NET060,Net 60,60,2,0,0,PURCHASE,ACH,INACTIVE,1,1,0.3345620775047655,BU04,LE01,EUR,NET060,#45B7D1,OLD49,49,1,PaymentTermScreen,term_49,0,GROUP5
50,PREPAID,Prepaid,0,4,0,0,PURCHASE,CHECK,ACTIVE,0,1,1.485328151822805,BU04,LE01,EUR,PREPAID,#45B7D1,OLD50,50,0,PaymentTermScreen,term_50,1,GROUP7
51,COD,Cash On Delivery,0,5,0,0,SALES,ACH,INACTIVE,0,1,1.220726710414119,BU05,LE02,USD,COD,#FF6B6B,OLD51,51,1,PaymentTermScreen,term_51,0,GROUP10
52,COD,Cash On Delivery,0,4,0,0,SALES,ACH,ACTIVE,1,0,1.0809644833905785,BU05,LE02,EUR,COD,#45B7D1,OLD52,52,1,PaymentTermScreen,term_52,1,GROUP7
53,1/15NET45,1% 15 Net 45,45,3,1,15,PURCHASE,CREDIT_CARD,ACTIVE,0,1,0.42687916021483674,BU02,LE03,INR,1/15NET45,#FF6B6B,OLD53,53,1,PaymentTermScreen,term_53,0,GROUP2
54,NET060,Net 60,60,5,0,0,PURCHASE,WIRE,ACTIVE,1,1,1.9632189595143723,BU02,LE01,EUR,NET060,#4ECDC4,OLD54,54,0,PaymentTermScreen,term_54,0,GROUP2
55,2/10NET30,2% 10 Net 30,30,1,2,10,PURCHASE,ACH,ACTIVE,1,1,1.6882977561897754,BU02,LE01,EUR,2/10NET30,#45B7D1,OLD55,55,0,PaymentTermScreen,term_55,1,GROUP9
56,PREPAID,Prepaid,0,1,0,0,SALES,WIRE,INACTIVE,0,1,1.6009158608620175,BU01,LE01,USD,PREPAID,#FF6B6B,OLD56,56,0,PaymentTermScreen,term_56,0,GROUP9
57,PREPAID,Prepaid,0,4,0,0,SALES,WIRE,ACTIVE,0,0,1.6390674748542755,BU03,LE03,INR,PREPAID,#FF6B6B,OLD57,57,0,PaymentTermScreen,term_57,0,GROUP2
58,2/10NET30,2% 10 Net 30,30,3,2,10,PURCHASE,CHECK,INACTIVE,1,1,0.521061694091304,BU05,LE02,USD,2/10NET30,#45B7D1,OLD58,58,0,PaymentTermScreen,term_58,0,GROUP8
59,2/10NET30,2% 10 Net 30,30,3,2,10,PURCHASE,ACH,INACTIVE,0,1,0.9722741090185294,BU03,LE02,USD,2/10NET30,#45B7D1,OLD59,59,0,PaymentTermScreen,term_59,1,GROUP4
60,COD,Cash On Delivery,0,1,0,0,PURCHASE,WIRE,ACTIVE,1,0,1.5443688408698681,BU01,LE02,EUR,COD,#4ECDC4,OLD60,60,1,PaymentTermScreen,term_60,1,GROUP8
61,PREPAID,Prepaid,0,3,0,0,PURCHASE,CREDIT_CARD,INACTIVE,1,0,1.1518342646937425,BU05,LE01,USD,PREPAID,#FF6B6B,OLD61,61,0,PaymentTermScreen,term_61,1,GROUP10
62,2/10NET30,2% 10 Net 30,30,0,2,10,SALES,WIRE,INACTIVE,0,0,0.23823061650044197,BU05,LE03,INR,2/10NET30,#45B7D1,OLD62,62,1,PaymentTermScreen,term_62,0,GROUP5
63,2/10NET30,2% 10 Net 30,30,1,2,10,PURCHASE,CHECK,INACTIVE,1,0,1.0028346624918913,BU02,LE02,INR,2/10NET30,#FF6B6B,OLD63,63,1,PaymentTermScreen,term_63,1,GROUP9
64,NET090,Net 90,90,3,0,0,PURCHASE,ACH,INACTIVE,0,0,1.8391468174683792,BU04,LE02,GBP,NET090,#45B7D1,OLD64,64,0,PaymentTermScreen,term_64,0,GROUP5
65,NET090,Net 90,90,5,0,0,SALES,ACH,ACTIVE,1,0,0.5674052485358385,BU02,LE01,AED,NET090,#4ECDC4,OLD65,65,0,PaymentTermScreen,term_65,1,GROUP7
66,NET060,Net 60,60,3,0,0,SALES,CREDIT_CARD,ACTIVE,0,1,1.7014470786891522,BU01,LE01,USD,NET060,#FF6B6B,OLD66,66,0,PaymentTermScreen,term_66,0,GROUP2
67,NET030,Net 30,30,1,0,0,SALES,CHECK,INACTIVE,0,1,1.5212950965420013,BU03,LE01,AED,NET030,#FF6B6B,OLD67,67,0,PaymentTermScreen,term_67,1,GROUP1
68,NET030,Net 30,30,4,0,0,PURCHASE,CHECK,INACTIVE,1,1,0.537660544694188,BU03,LE02,INR,NET030,#FF6B6B,OLD68,68,0,PaymentTermScreen,term_68,1,GROUP3
69,COD,Cash On Delivery,0,0,0,0,PURCHASE,CREDIT_CARD,ACTIVE,0,0,0.5288018959084593,BU03,LE01,EUR,COD,#4ECDC4,OLD69,69,0,PaymentTermScreen,term_69,1,GROUP4
70,1/15NET45,1% 15 Net 45,45,3,1,15,PURCHASE,CHECK,INACTIVE,1,0,1.3124590595229793,BU01,LE03,INR,1/15NET45,#FF6B6B,OLD70,70,0,PaymentTermScreen,term_70,0,GROUP3
71,COD,Cash On Delivery,0,0,0,0,PURCHASE,ACH,ACTIVE,0,1,1.1369188849676717,BU03,LE03,USD,COD,#4ECDC4,OLD71,71,1,PaymentTermScreen,term_71,1,GROUP4
72,COD,Cash On Delivery,0,1,0,0,PURCHASE,WIRE,ACTIVE,0,0,0.19266873198891887,BU03,LE02,USD,COD,#4ECDC4,OLD72,72,0,PaymentTermScreen,term_72,0,GROUP7
73,NET030,Net 30,30,0,0,0,PURCHASE,CHECK,INACTIVE,0,0,1.5423033023453336,BU02,LE01,USD,NET030,#4ECDC4,OLD73,73,1,PaymentTermScreen,term_73,1,GROUP7
74,COD,Cash On Delivery,0,0,0,0,PURCHASE,ACH,INACTIVE,1,1,0.17688734995448074,BU05,LE03,EUR,COD,#FF6B6B,OLD74,74,1,PaymentTermScreen,term_74,1,GROUP4
75,NET090,Net 90,90,1,0,0,SALES,ACH,INACTIVE,0,1,1.8711610525084816,BU04,LE01,EUR,NET090,#45B7D1,OLD75,75,0,PaymentTermScreen,term_75,0,GROUP3
76,COD,Cash On Delivery,0,5,0,0,PURCHASE,CHECK,ACTIVE,1,0,1.348178684405499,BU02,LE02,AED,COD,#4ECDC4,OLD76,76,1,PaymentTermScreen,term_76,1,GROUP1
77,NET090,Net 90,90,3,0,0,SALES,WIRE,ACTIVE,1,1,0.027423108274403418,BU05,LE02,USD,NET090,#FF6B6B,OLD77,77,1,PaymentTermScreen,term_77,0,GROUP7
78,2/10NET30,2% 10 Net 30,30,2,2,10,PURCHASE,CHECK,INACTIVE,0,0,1.591930058304831,BU03,LE01,AED,2/10NET30,#45B7D1,OLD78,78,0,PaymentTermScreen,term_78,0,GROUP6
79,NET090,Net 90,90,5,0,0,SALES,WIRE,INACTIVE,1,1,0.1508557216930917,BU01,LE03,GBP,NET090,#45B7D1,OLD79,79,0,PaymentTermScreen,term_79,1,GROUP4
80,PREPAID,Prepaid,0,0,0,0,SALES,ACH,ACTIVE,1,0,0.09717151292887705,BU01,LE01,EUR,PREPAID,#FF6B6B,OLD80,80,0,PaymentTermScreen,term_80,1,GROUP3
81,NET090,Net 90,90,1,0,0,SALES,ACH,ACTIVE,0,0,1.5790424584069287,BU01,LE02,AED,NET090,#4ECDC4,OLD81,81,0,PaymentTermScreen,term_81,1,GROUP2
82,NET030,Net 30,30,1,0,0,SALES,CHECK,INACTIVE,1,1,1.2419785161674404,BU03,LE01,USD,NET030,#4ECDC4,OLD82,82,0,PaymentTermScreen,term_82,1,GROUP2
83,NET060,Net 60,60,3,0,0,PURCHASE,ACH,ACTIVE,0,1,1.608709519355562,BU02,LE01,INR,NET060,#FF6B6B,OLD83,83,0,PaymentTermScreen,term_83,1,GROUP8
84,1/15NET45,1% 15 Net 45,45,4,1,15,SALES,CHECK,ACTIVE,0,0,1.1579432539424532,BU02,LE03,GBP,1/15NET45,#45B7D1,OLD84,84,1,PaymentTermScreen,term_84,1,GROUP8
85,1/15NET45,1% 15 Net 45,45,2,1,15,SALES,ACH,ACTIVE,0,1,1.0377765478863838,BU04,LE02,INR,1/15NET45,#4ECDC4,OLD85,85,0,PaymentTermScreen,term_85,0,GROUP1
86,PREPAID,Prepaid,0,5,0,0,SALES,CHECK,ACTIVE,0,1,1.1003635833794914,BU02,LE01,EUR,PREPAID,#FF6B6B,OLD86,86,0,PaymentTermScreen,term_86,0,GROUP5
87,PREPAID,Prepaid,0,1,0,0,SALES,ACH,ACTIVE,0,0,0.8056555864222497,BU01,LE01,AED,PREPAID,#4ECDC4,OLD87,87,0,PaymentTermScreen,term_87,0,GROUP4
88,COD,Cash On Delivery,0,3,0,0,SALES,CREDIT_CARD,ACTIVE,0,0,0.8754962114607288,BU01,LE02,AED,COD,#45B7D1,OLD88,88,0,PaymentTermScreen,term_88,0,GROUP10
89,2/10NET30,2% 10 Net 30,30,1,2,10,PURCHASE,WIRE,INACTIVE,1,0,1.3926625300689703,BU02,LE03,USD,2/10NET30,#4ECDC4,OLD89,89,0,PaymentTermScreen,term_89,1,GROUP10
90,2/10NET30,2% 10 Net 30,30,1,2,10,PURCHASE,CHECK,INACTIVE,1,1,0.04068486871041377,BU01,LE01,AED,2/10NET30,#45B7D1,OLD90,90,0,PaymentTermScreen,term_90,1,GROUP4
91,2/10NET30,2% 10 Net 30,30,3,2,10,SALES,CREDIT_CARD,INACTIVE,1,0,1.817138931439528,BU02,LE02,AED,2/10NET30,#FF6B6B,OLD91,91,0,PaymentTermScreen,term_91,1,GROUP6
92,NET030,Net 30,30,4,0,0,SALES,CHECK,ACTIVE,0,1,1.3044507469122482,BU02,LE01,EUR,NET030,#45B7D1,OLD92,92,1,PaymentTermScreen,term_92,0,GROUP1
93,NET060,Net 60,60,3,0,0,SALES,CREDIT_CARD,ACTIVE,0,0,1.1257316313965373,BU05,LE03,INR,NET060,#4ECDC4,OLD93,93,1,PaymentTermScreen,term_93,0,GROUP9
94,COD,Cash On Delivery,0,1,0,0,SALES,CREDIT_CARD,INACTIVE,0,0,0.48374314877158464,BU01,LE02,USD,COD,#4ECDC4,OLD94,94,0,PaymentTermScreen,term_94,0,GROUP4
95,COD,Cash On Delivery,0,1,0,0,SALES,ACH,INACTIVE,1,1,1.3916810720857369,BU04,LE01,GBP,COD,#4ECDC4,OLD95,95,1,PaymentTermScreen,term_95,0,GROUP4
96,COD,Cash On Delivery,0,2,0,0,SALES,CREDIT_CARD,ACTIVE,1,1,1.539651240692704,BU01,LE02,INR,COD,#45B7D1,OLD96,96,0,PaymentTermScreen,term_96,0,GROUP10
97,1/15NET45,1% 15 Net 45,45,5,1,15,PURCHASE,ACH,INACTIVE,1,1,1.8777558452256249,BU05,LE02,INR,1/15NET45,#FF6B6B,OLD97,97,1,PaymentTermScreen,term_97,1,GROUP6
98,NET090,Net 90,90,3,0,0,SALES,CREDIT_CARD,ACTIVE,0,0,1.118050375976327,BU01,LE01,USD,NET090,#45B7D1,OLD98,98,1,PaymentTermScreen,term_98,1,GROUP4
99,2/10NET30,2% 10 Net 30,30,3,2,10,PURCHASE,CHECK,INACTIVE,1,0,0.0871281385457987,BU03,LE02,AED,2/10NET30,#4ECDC4,OLD99,99,0,PaymentTermScreen,term_99,0,GROUP4
100,NET060,Net 60,60,0,0,0,PURCHASE,WIRE,INACTIVE,1,1,0.18918671224473793,BU05,LE01,USD,NET060,#45B7D1,OLD100,100,1,PaymentTermScreen,term_100,1,GROUP2
101,NET090,Net 90,90,4,0,0,SALES,CREDIT_CARD,ACTIVE,1,1,1.6502802390350968,BU05,LE02,USD,NET090,#4ECDC4,OLD101,101,1,PaymentTermScreen,term_101,1,GROUP8
102,NET060,Net 60,60,1,0,0,PURCHASE,ACH,INACTIVE,1,1,1.779758786017062,BU03,LE01,AED,NET060,#45B7D1,OLD102,102,1,PaymentTermScreen,term_102,0,GROUP1
103,NET030,Net 30,30,2,0,0,SALES,CREDIT_CARD,INACTIVE,0,0,0.7359106741165831,BU04,LE02,USD,NET030,#4ECDC4,OLD103,103,0,PaymentTermScreen,term_103,1,GROUP4
104,2/10NET30,2% 10 Net 30,30,3,2,10,PURCHASE,CREDIT_CARD,ACTIVE,0,1,1.1962851304410074,BU02,LE02,AED,2/10NET30,#FF6B6B,OLD104,104,0,PaymentTermScreen,term_104,0,GROUP8
105,NET090,Net 90,90,4,0,0,PURCHASE,CHECK,INACTIVE,1,1,1.2478341189873736,BU02,LE03,EUR,NET090,#45B7D1,OLD105,105,1,PaymentTermScreen,term_105,1,GROUP8
106,NET030,Net 30,30,5,0,0,SALES,ACH,INACTIVE,0,0,1.9415222544941024,BU05,LE03,EUR,NET030,#4ECDC4,OLD106,106,1,PaymentTermScreen,term_106,0,GROUP3
107,1/15NET45,1% 15 Net 45,45,0,1,15,SALES,CHECK,ACTIVE,0,0,0.11785993811752338,BU04,LE01,EUR,1/15NET45,#45B7D1,OLD107,107,1,PaymentTermScreen,term_107,0,GROUP8
108,PREPAID,Prepaid,0,0,0,0,SALES,WIRE,ACTIVE,1,1,0.8571831535303855,BU04,LE03,GBP,PREPAID,#45B7D1,OLD108,108,1,PaymentTermScreen,term_108,0,GROUP3
109,NET030,Net 30,30,4,0,0,SALES,ACH,ACTIVE,0,0,0.6458037765222986,BU05,LE03,INR,NET030,#FF6B6B,OLD109,109,1,PaymentTermScreen,term_109,1,GROUP10
110,NET030,Net 30,30,5,0,0,SALES,ACH,ACTIVE,0,0,1.4803396769482773,BU03,LE01,AED,NET030,#FF6B6B,OLD110,110,1,PaymentTermScreen,term_110,1,GROUP3
111,NET060,Net 60,60,2,0,0,SALES,CREDIT_CARD,INACTIVE,1,1,0.6214958983165846,BU03,LE02,AED,NET060,#45B7D1,OLD111,111,0,PaymentTermScreen,term_111,1,GROUP2
112,PREPAID,Prepaid,0,4,0,0,PURCHASE,CHECK,INACTIVE,1,1,1.5924642119551602,BU04,LE02,INR,PREPAID,#FF6B6B,OLD112,112,0,PaymentTermScreen,term_112,0,GROUP2
113,PREPAID,Prepaid,0,0,0,0,PURCHASE,WIRE,INACTIVE,0,0,1.132314451552937,BU03,LE03,GBP,PREPAID,#45B7D1,OLD113,113,1,PaymentTermScreen,term_113,1,GROUP10
114,NET090,Net 90,90,3,0,0,PURCHASE,WIRE,ACTIVE,1,1,1.5643294643391896,BU01,LE02,USD,NET090,#45B7D1,OLD114,114,0,PaymentTermScreen,term_114,0,GROUP4
115,1/15NET45,1% 15 Net 45,45,3,1,15,SALES,CHECK,ACTIVE,0,0,1.9090928657764845,BU04,LE02,GBP,1/15NET45,#45B7D1,OLD115,115,1,PaymentTermScreen,term_115,1,GROUP9
116,1/15NET45,1% 15 Net 45,45,2,1,15,PURCHASE,ACH,ACTIVE,1,1,0.330399739202496,BU01,LE03,GBP,1/15NET45,#4ECDC4,OLD116,116,1,PaymentTermScreen,term_116,1,GROUP9
117,1/15NET45,1% 15 Net 45,45,1,1,15,PURCHASE,ACH,ACTIVE,1,1,1.1531105891898967,BU04,LE02,GBP,1/15NET45,#FF6B6B,OLD117,117,0,PaymentTermScreen,term_117,0,GROUP5
118,2/10NET30,2% 10 Net 30,30,0,2,10,SALES,CHECK,INACTIVE,1,1,1.4258933158991938,BU02,LE01,USD,2/10NET30,#4ECDC4,OLD118,118,0,PaymentTermScreen,term_118,0,GROUP6
119,NET030,Net 30,30,2,0,0,SALES,ACH,INACTIVE,1,1,0.09828528164744332,BU01,LE02,AED,NET030,#FF6B6B,OLD119,119,1,PaymentTermScreen,term_119,0,GROUP7
120,NET060,Net 60,60,3,0,0,PURCHASE,CREDIT_CARD,INACTIVE,1,1,1.2080190531857702,BU03,LE03,USD,NET060,#4ECDC4,OLD120,120,1,PaymentTermScreen,term_120,0,GROUP2
121,1/15NET45,1% 15 Net 45,45,1,1,15,SALES,CHECK,INACTIVE,0,1,1.9769337939393796,BU01,LE02,GBP,1/15NET45,#45B7D1,OLD121,121,1,PaymentTermScreen,term_121,1,GROUP10
122,1/15NET45,1% 15 Net 45,45,4,1,15,PURCHASE,ACH,INACTIVE,0,0,0.6526756991590621,BU01,LE02,GBP,1/15NET45,#FF6B6B,OLD122,122,0,PaymentTermScreen,term_122,1,GROUP4
123,PREPAID,Prepaid,0,4,0,0,SALES,CHECK,INACTIVE,0,1,0.12257403018729573,BU02,LE01,AED,PREPAID,#4ECDC4,OLD123,123,0,PaymentTermScreen,term_123,0,GROUP10
124,1/15NET45,1% 15 Net 45,45,0,1,15,PURCHASE,ACH,ACTIVE,1,0,1.180260512793741,BU05,LE03,USD,1/15NET45,#4ECDC4,OLD124,124,0,PaymentTermScreen,term_124,1,GROUP8
125,NET030,Net 30,30,1,0,0,PURCHASE,CHECK,INACTIVE,0,1,0.8433004275993312,BU05,LE03,GBP,NET030,#FF6B6B,OLD125,125,1,PaymentTermScreen,term_125,1,GROUP6
126,COD,Cash On Delivery,0,4,0,0,SALES,CREDIT_CARD,INACTIVE,1,1,0.6268876279271429,BU05,LE01,AED,COD,#45B7D1,OLD126,126,0,PaymentTermScreen,term_126,0,GROUP2
127,1/15NET45,1% 15 Net 45,45,2,1,15,SALES,CREDIT_CARD,ACTIVE,1,0,1.701422578857121,BU02,LE02,GBP,1/15NET45,#45B7D1,OLD127,127,0,PaymentTermScreen,term_127,0,GROUP3
128,NET090,Net 90,90,3,0,0,PURCHASE,CHECK,INACTIVE,1,1,1.435635737395192,BU01,LE03,GBP,NET090,#45B7D1,OLD128,128,0,PaymentTermScreen,term_128,0,GROUP8
129,2/10NET30,2% 10 Net 30,30,3,2,10,PURCHASE,CHECK,ACTIVE,0,0,0.15888456366395198,BU05,LE01,EUR,2/10NET30,#FF6B6B,OLD129,129,1,PaymentTermScreen,term_129,0,GROUP4
130,NET090,Net 90,90,4,0,0,PURCHASE,WIRE,INACTIVE,0,0,0.06739201099340653,BU01,LE02,EUR,NET090,#FF6B6B,OLD130,130,1,PaymentTermScreen,term_130,0,GROUP8
131,NET030,Net 30,30,2,0,0,PURCHASE,WIRE,INACTIVE,0,0,0.7017069557973656,BU02,LE03,EUR,NET030,#45B7D1,OLD131,131,0,PaymentTermScreen,term_131,0,GROUP10
132,PREPAID,Prepaid,0,4,0,0,SALES,CREDIT_CARD,INACTIVE,0,1,0.9764326565605335,BU03,LE01,AED,PREPAID,#4ECDC4,OLD132,132,1,PaymentTermScreen,term_132,1,GROUP5
133,1/15NET45,1% 15 Net 45,45,3,1,15,SALES,CHECK,ACTIVE,0,0,1.6123948357989055,BU03,LE02,USD,1/15NET45,#4ECDC4,OLD133,133,1,PaymentTermScreen,term_133,1,GROUP8
134,NET090,Net 90,90,3,0,0,PURCHASE,ACH,INACTIVE,1,1,1.2348970299805793,BU01,LE01,INR,NET090,#FF6B6B,OLD134,134,1,PaymentTermScreen,term_134,1,GROUP9
135,NET030,Net 30,30,4,0,0,SALES,CHECK,ACTIVE,0,0,1.2663718826907375,BU03,LE02,GBP,NET030,#45B7D1,OLD135,135,0,PaymentTermScreen,term_135,0,GROUP2
136,NET090,Net 90,90,1,0,0,PURCHASE,ACH,INACTIVE,1,0,0.5512957038745983,BU05,LE03,GBP,NET090,#45B7D1,OLD136,136,1,PaymentTermScreen,term_136,0,GROUP1
137,2/10NET30,2% 10 Net 30,30,1,2,10,PURCHASE,WIRE,ACTIVE,1,1,1.577550222724409,BU05,LE02,USD,2/10NET30,#FF6B6B,OLD137,137,1,PaymentTermScreen,term_137,0,GROUP9
138,1/15NET45,1% 15 Net 45,45,0,1,15,PURCHASE,CHECK,ACTIVE,0,0,1.9649438770676415,BU01,LE03,USD,1/15NET45,#4ECDC4,OLD138,138,1,PaymentTermScreen,term_138,1,GROUP2
139,NET060,Net 60,60,4,0,0,PURCHASE,CHECK,INACTIVE,1,1,0.7562730887978117,BU02,LE03,INR,NET060,#FF6B6B,OLD139,139,1,PaymentTermScreen,term_139,0,GROUP10
140,NET090,Net 90,90,2,0,0,PURCHASE,WIRE,ACTIVE,0,0,1.7502546632507958,BU04,LE01,USD,NET090,#45B7D1,OLD140,140,0,PaymentTermScreen,term_140,1,GROUP10
141,NET090,Net 90,90,3,0,0,SALES,CHECK,ACTIVE,0,0,0.45261132901374945,BU02,LE01,INR,NET090,#4ECDC4,OLD141,141,0,PaymentTermScreen,term_141,0,GROUP8
142,NET030,Net 30,30,5,0,0,SALES,CREDIT_CARD,ACTIVE,0,1,1.214090565285274,BU04,LE01,USD,NET030,#45B7D1,OLD142,142,1,PaymentTermScreen,term_142,0,GROUP8
143,NET030,Net 30,30,4,0,0,SALES,CREDIT_CARD,INACTIVE,0,1,0.5169807244137072,BU05,LE03,EUR,NET030,#FF6B6B,OLD143,143,0,PaymentTermScreen,term_143,1,GROUP2
144,1/15NET45,1% 15 Net 45,45,0,1,15,PURCHASE,CREDIT_CARD,INACTIVE,1,0,1.2336214438063082,BU03,LE02,INR,1/15NET45,#FF6B6B,OLD144,144,0,PaymentTermScreen,term_144,1,GROUP9
145,NET090,Net 90,90,0,0,0,PURCHASE,WIRE,ACTIVE,0,1,0.7366252680569141,BU02,LE01,GBP,NET090,#45B7D1,OLD145,145,0,PaymentTermScreen,term_145,1,GROUP9
146,NET090,Net 90,90,0,0,0,SALES,CREDIT_CARD,ACTIVE,1,1,1.1208005159242582,BU05,LE01,GBP,NET090,#FF6B6B,OLD146,146,1,PaymentTermScreen,term_146,1,GROUP4
147,COD,Cash On Delivery,0,4,0,0,SALES,CREDIT_CARD,ACTIVE,0,1,0.2217511222816113,BU04,LE02,EUR,COD,#45B7D1,OLD147,147,1,PaymentTermScreen,term_147,1,GROUP5
148,PREPAID,Prepaid,0,3,0,0,PURCHASE,ACH,INACTIVE,0,1,0.11042060685567212,BU01,LE02,INR,PREPAID,#45B7D1,OLD148,148,1,PaymentTermScreen,term_148,1,GROUP6
149,NET060,Net 60,60,4,0,0,SALES,ACH,ACTIVE,1,0,0.12838238947561798,BU01,LE01,INR,NET060,#FF6B6B,OLD149,149,1,PaymentTermScreen,term_149,1,GROUP3
150,NET060,Net 60,60,1,0,0,PURCHASE,CREDIT_CARD,INACTIVE,1,0,1.8018679296831714,BU04,LE02,GBP,NET060,#FF6B6B,OLD150,150,1,PaymentTermScreen,term_150,1,GROUP8
151,PREPAID,Prepaid,0,3,0,0,SALES,CREDIT_CARD,ACTIVE,0,0,0.9631774982755759,BU04,LE02,USD,PREPAID,#45B7D1,OLD151,151,1,PaymentTermScreen,term_151,1,GROUP5
152,NET090,Net 90,90,0,0,0,PURCHASE,CREDIT_CARD,ACTIVE,1,1,0.8989563800812213,BU01,LE03,EUR,NET090,#4ECDC4,OLD152,152,1,PaymentTermScreen,term_152,0,GROUP7
153,PREPAID,Prepaid,0,5,0,0,PURCHASE,CHECK,INACTIVE,1,1,1.0576336450554122,BU02,LE03,USD,PREPAID,#FF6B6B,OLD153,153,1,PaymentTermScreen,term_153,0,GROUP2
154,NET060,Net 60,60,3,0,0,PURCHASE,WIRE,INACTIVE,1,0,0.6751225224849533,BU04,LE02,GBP,NET060,#FF6B6B,OLD154,154,0,PaymentTermScreen,term_154,1,GROUP8
155,COD,Cash On Delivery,0,1,0,0,PURCHASE,ACH,ACTIVE,1,0,0.47823597716887045,BU02,LE02,INR,COD,#FF6B6B,OLD155,155,1,PaymentTermScreen,term_155,0,GROUP9
156,NET030,Net 30,30,4,0,0,PURCHASE,CHECK,ACTIVE,0,0,0.891319919630496,BU03,LE02,USD,NET030,#45B7D1,OLD156,156,0,PaymentTermScreen,term_156,0,GROUP8
157,2/10NET30,2% 10 Net 30,30,4,2,10,PURCHASE,CREDIT_CARD,ACTIVE,0,0,0.46214202774205004,BU05,LE03,AED,2/10NET30,#FF6B6B,OLD157,157,0,PaymentTermScreen,term_157,1,GROUP2
158,1/15NET45,1% 15 Net 45,45,5,1,15,SALES,WIRE,ACTIVE,1,0,0.5379384870790815,BU03,LE03,EUR,1/15NET45,#4ECDC4,OLD158,158,0,PaymentTermScreen,term_158,1,GROUP10
159,1/15NET45,1% 15 Net 45,45,4,1,15,PURCHASE,ACH,INACTIVE,0,0,0.9276959110931193,BU03,LE02,GBP,1/15NET45,#FF6B6B,OLD159,159,0,PaymentTermScreen,term_159,0,GROUP3
160,1/15NET45,1% 15 Net 45,45,2,1,15,PURCHASE,CHECK,INACTIVE,1,0,0.9137644260153568,BU05,LE03,EUR,1/15NET45,#4ECDC4,OLD160,160,1,PaymentTermScreen,term_160,1,GROUP10
161,2/10NET30,2% 10 Net 30,30,0,2,10,SALES,CHECK,ACTIVE,1,1,0.332932267463951,BU01,LE01,INR,2/10NET30,#4ECDC4,OLD161,161,0,PaymentTermScreen,term_161,1,GROUP8
162,2/10NET30,2% 10 Net 30,30,5,2,10,PURCHASE,ACH,INACTIVE,1,1,0.12755467153683298,BU01,LE03,INR,2/10NET30,#4ECDC4,OLD162,162,1,PaymentTermScreen,term_162,1,GROUP5
163,NET090,Net 90,90,4,0,0,SALES,CREDIT_CARD,INACTIVE,0,0,0.3809398885531359,BU03,LE01,GBP,NET090,#FF6B6B,OLD163,163,1,PaymentTermScreen,term_163,0,GROUP7
164,PREPAID,Prepaid,0,5,0,0,PURCHASE,CREDIT_CARD,ACTIVE,1,1,1.1402328188409745,BU03,LE03,GBP,PREPAID,#FF6B6B,OLD164,164,0,PaymentTermScreen,term_164,0,GROUP8
165,COD,Cash On Delivery,0,0,0,0,PURCHASE,CREDIT_CARD,INACTIVE,1,1,1.8277178749697018,BU01,LE03,USD,COD,#4ECDC4,OLD165,165,0,PaymentTermScreen,term_165,0,GROUP5
166,NET060,Net 60,60,3,0,0,SALES,CHECK,ACTIVE,1,1,0.6726162752962697,BU04,LE01,EUR,NET060,#FF6B6B,OLD166,166,0,PaymentTermScreen,term_166,1,GROUP4
167,PREPAID,Prepaid,0,3,0,0,SALES,CHECK,INACTIVE,0,0,1.894454572083749,BU04,LE03,AED,PREPAID,#45B7D1,OLD167,167,0,PaymentTermScreen,term_167,1,GROUP4
168,NET060,Net 60,60,2,0,0,SALES,CHECK,INACTIVE,1,0,1.9949446883551432,BU04,LE01,INR,NET060,#45B7D1,OLD168,168,1,PaymentTermScreen,term_168,1,GROUP5
169,NET060,Net 60,60,5,0,0,SALES,ACH,INACTIVE,0,1,0.5908419506403149,BU05,LE02,EUR,NET060,#4ECDC4,OLD169,169,1,PaymentTermScreen,term_169,1,GROUP6
170,1/15NET45,1% 15 Net 45,45,5,1,15,PURCHASE,CREDIT_CARD,ACTIVE,1,1,0.2728642421227516,BU01,LE02,EUR,1/15NET45,#45B7D1,OLD170,170,1,PaymentTermScreen,term_170,0,GROUP7
171,PREPAID,Prepaid,0,1,0,0,SALES,WIRE,INACTIVE,0,1,0.7323247529037573,BU05,LE01,AED,PREPAID,#4ECDC4,OLD171,171,0,PaymentTermScreen,term_171,0,GROUP3
172,1/15NET45,1% 15 Net 45,45,5,1,15,PURCHASE,WIRE,ACTIVE,1,0,0.9108042960764695,BU02,LE01,USD,1/15NET45,#FF6B6B,OLD172,172,1,PaymentTermScreen,term_172,1,GROUP5
173,2/10NET30,2% 10 Net 30,30,2,2,10,SALES,CREDIT_CARD,INACTIVE,1,0,0.2099149531579565,BU04,LE02,INR,2/10NET30,#45B7D1,OLD173,173,1,PaymentTermScreen,term_173,0,GROUP8
174,NET060,Net 60,60,1,0,0,PURCHASE,ACH,ACTIVE,0,0,0.3221457677244377,BU02,LE02,GBP,NET060,#FF6B6B,OLD174,174,0,PaymentTermScreen,term_174,1,GROUP3
175,NET060,Net 60,60,4,0,0,SALES,CREDIT_CARD,ACTIVE,1,1,0.8094323080857706,BU01,LE03,INR,NET060,#45B7D1,OLD175,175,1,PaymentTermScreen,term_175,1,GROUP10
176,COD,Cash On Delivery,0,1,0,0,PURCHASE,CREDIT_CARD,INACTIVE,0,1,1.974220717894268,BU01,LE03,USD,COD,#45B7D1,OLD176,176,0,PaymentTermScreen,term_176,1,GROUP6
177,NET030,Net 30,30,5,0,0,PURCHASE,WIRE,INACTIVE,0,1,1.8484118028774543,BU03,LE02,GBP,NET030,#FF6B6B,OLD177,177,1,PaymentTermScreen,term_177,0,GROUP2
178,NET060,Net 60,60,5,0,0,PURCHASE,CREDIT_CARD,ACTIVE,1,0,1.449306330155313,BU03,LE01,GBP,NET060,#4ECDC4,OLD178,178,0,PaymentTermScreen,term_178,0,GROUP1
179,PREPAID,Prepaid,0,3,0,0,SALES,CHECK,INACTIVE,1,1,1.1141947925060742,BU01,LE01,AED,PREPAID,#4ECDC4,OLD179,179,1,PaymentTermScreen,term_179,1,GROUP7
180,COD,Cash On Delivery,0,4,0,0,SALES,CHECK,INACTIVE,1,0,0.6532726448566852,BU05,LE01,GBP,COD,#4ECDC4,OLD180,180,1,PaymentTermScreen,term_180,0,GROUP2
181,PREPAID,Prepaid,0,2,0,0,SALES,WIRE,ACTIVE,1,1,0.571414278011755,BU04,LE01,USD,PREPAID,#4ECDC4,OLD181,181,1,PaymentTermScreen,term_181,0,GROUP5
182,NET030,Net 30,30,5,0,0,SALES,WIRE,ACTIVE,1,1,1.2583446949572568,BU02,LE02,INR,NET030,#45B7D1,OLD182,182,0,PaymentTermScreen,term_182,0,GROUP8
183,NET060,Net 60,60,0,0,0,SALES,ACH,INACTIVE,1,1,0.05410447793335349,BU01,LE01,GBP,NET060,#FF6B6B,OLD183,183,0,PaymentTermScreen,term_183,1,GROUP4
184,NET060,Net 60,60,4,0,0,PURCHASE,ACH,INACTIVE,0,0,1.2310985712271958,BU05,LE03,EUR,NET060,#45B7D1,OLD184,184,1,PaymentTermScreen,term_184,1,GROUP10
185,COD,Cash On Delivery,0,5,0,0,PURCHASE,ACH,INACTIVE,0,0,1.7637011930283226,BU05,LE01,INR,COD,#45B7D1,OLD185,185,0,PaymentTermScreen,term_185,1,GROUP6
186,NET090,Net 90,90,3,0,0,PURCHASE,WIRE,ACTIVE,0,0,0.902631018042388,BU05,LE01,GBP,NET090,#4ECDC4,OLD186,186,1,PaymentTermScreen,term_186,1,GROUP6
187,1/15NET45,1% 15 Net 45,45,1,1,15,PURCHASE,CREDIT_CARD,INACTIVE,1,0,1.995010313745743,BU05,LE02,GBP,1/15NET45,#FF6B6B,OLD187,187,1,PaymentTermScreen,term_187,1,GROUP3
188,2/10NET30,2% 10 Net 30,30,1,2,10,PURCHASE,CHECK,INACTIVE,1,0,0.0719719721894847,BU02,LE03,EUR,2/10NET30,#4ECDC4,OLD188,188,0,PaymentTermScreen,term_188,1,GROUP1
189,NET090,Net 90,90,1,0,0,SALES,CREDIT_CARD,ACTIVE,1,0,1.0798301886462913,BU02,LE02,USD,NET090,#FF6B6B,OLD189,189,0,PaymentTermScreen,term_189,1,GROUP7
190,2/10NET30,2% 10 Net 30,30,4,2,10,PURCHASE,CREDIT_CARD,ACTIVE,1,1,1.100854600329853,BU05,LE01,AED,2/10NET30,#4ECDC4,OLD190,190,0,PaymentTermScreen,term_190,0,GROUP7
191,1/15NET45,1% 15 Net 45,45,0,1,15,SALES,WIRE,INACTIVE,1,1,1.2543290025442735,BU01,LE03,AED,1/15NET45,#FF6B6B,OLD191,191,0,PaymentTermScreen,term_191,1,GROUP7
192,PREPAID,Prepaid,0,1,0,0,PURCHASE,CHECK,INACTIVE,0,1,1.9800622181400211,BU05,LE03,INR,PREPAID,#FF6B6B,OLD192,192,0,PaymentTermScreen,term_192,1,GROUP8
193,NET030,Net 30,30,3,0,0,PURCHASE,WIRE,INACTIVE,1,1,1.6412046503215798,BU03,LE02,INR,NET030,#FF6B6B,OLD193,193,0,PaymentTermScreen,term_193,0,GROUP2
194,1/15NET45,1% 15 Net 45,45,2,1,15,SALES,CREDIT_CARD,ACTIVE,1,0,1.8535889030645225,BU02,LE03,EUR,1/15NET45,#FF6B6B,OLD194,194,1,PaymentTermScreen,term_194,0,GROUP3
195,NET090,Net 90,90,5,0,0,PURCHASE,CHECK,INACTIVE,0,1,0.9336788934935096,BU03,LE02,AED,NET090,#FF6B6B,OLD195,195,1,PaymentTermScreen,term_195,1,GROUP3
196,PREPAID,Prepaid,0,3,0,0,PURCHASE,CREDIT_CARD,INACTIVE,1,0,1.8596585658816072,BU01,LE02,AED,PREPAID,#45B7D1,OLD196,196,1,PaymentTermScreen,term_196,0,GROUP1
197,NET090,Net 90,90,3,0,0,PURCHASE,ACH,INACTIVE,0,1,0.47288973556167857,BU04,LE03,USD,NET090,#45B7D1,OLD197,197,0,PaymentTermScreen,term_197,0,GROUP8
198,1/15NET45,1% 15 Net 45,45,4,1,15,SALES,CHECK,ACTIVE,1,1,1.4632355073286925,BU01,LE02,AED,1/15NET45,#45B7D1,OLD198,198,1,PaymentTermScreen,term_198,1,GROUP10
199,NET060,Net 60,60,0,0,0,SALES,CREDIT_CARD,ACTIVE,0,0,0.21647044989662967,BU01,LE02,GBP,NET060,#45B7D1,OLD199,199,1,PaymentTermScreen,term_199,0,GROUP5
200,PREPAID,Prepaid,0,0,0,0,PURCHASE,ACH,ACTIVE,0,0,0.06754891196753565,BU02,LE02,USD,PREPAID,#FF6B6B,OLD200,200,0,PaymentTermScreen,term_200,1,GROUP3
201,1/15NET45,1% 15 Net 45,45,3,1,15,PURCHASE,CREDIT_CARD,INACTIVE,0,0,1.0292371814937091,BU05,LE03,INR,1/15NET45,#45B7D1,OLD201,201,1,PaymentTermScreen,term_201,1,GROUP7
202,PREPAID,Prepaid,0,5,0,0,SALES,ACH,INACTIVE,0,0,1.6899009885062413,BU03,LE01,INR,PREPAID,#4ECDC4,OLD202,202,0,PaymentTermScreen,term_202,1,GROUP3
203,COD,Cash On Delivery,0,4,0,0,PURCHASE,CREDIT_CARD,INACTIVE,1,1,1.426380469918274,BU01,LE02,INR,COD,#FF6B6B,OLD203,203,1,PaymentTermScreen,term_203,0,GROUP2
204,NET090,Net 90,90,2,0,0,SALES,ACH,ACTIVE,0,1,1.8696447117627368,BU01,LE02,AED,NET090,#FF6B6B,OLD204,204,1,PaymentTermScreen,term_204,0,GROUP4
205,NET090,Net 90,90,2,0,0,PURCHASE,ACH,ACTIVE,1,0,0.33350286562761133,BU03,LE01,USD,NET090,#4ECDC4,OLD205,205,0,PaymentTermScreen,term_205,1,GROUP8
206,COD,Cash On Delivery,0,2,0,0,PURCHASE,ACH,INACTIVE,0,0,0.267619201173259,BU01,LE02,USD,COD,#45B7D1,OLD206,206,0,PaymentTermScreen,term_206,1,GROUP1
207,NET090,Net 90,90,3,0,0,SALES,WIRE,INACTIVE,1,0,1.5698373177521199,BU05,LE03,USD,NET090,#FF6B6B,OLD207,207,1,PaymentTermScreen,term_207,1,GROUP2
208,2/10NET30,2% 10 Net 30,30,5,2,10,SALES,WIRE,INACTIVE,1,1,0.5618349765077311,BU02,LE02,EUR,2/10NET30,#4ECDC4,OLD208,208,0,PaymentTermScreen,term_208,0,GROUP10
209,2/10NET30,2% 10 Net 30,30,1,2,10,PURCHASE,WIRE,ACTIVE,1,0,1.309235980983332,BU01,LE02,GBP,2/10NET30,#45B7D1,OLD209,209,0,PaymentTermScreen,term_209,0,GROUP7
210,PREPAID,Prepaid,0,0,0,0,SALES,WIRE,INACTIVE,1,0,0.7030546692044539,BU05,LE03,AED,PREPAID,#4ECDC4,OLD210,210,1,PaymentTermScreen,term_210,0,GROUP6
211,PREPAID,Prepaid,0,0,0,0,SALES,CHECK,INACTIVE,1,1,1.4848309596061644,BU04,LE03,INR,PREPAID,#45B7D1,OLD211,211,0,PaymentTermScreen,term_211,1,GROUP7
212,NET090,Net 90,90,3,0,0,SALES,ACH,ACTIVE,0,0,0.9027931899863422,BU04,LE01,USD,NET090,#45B7D1,OLD212,212,0,PaymentTermScreen,term_212,1,GROUP2
213,NET030,Net 30,30,0,0,0,SALES,CHECK,INACTIVE,1,0,0.07405187758045417,BU04,LE01,INR,NET030,#FF6B6B,OLD213,213,0,PaymentTermScreen,term_213,1,GROUP4
214,COD,Cash On Delivery,0,0,0,0,PURCHASE,CHECK,ACTIVE,1,0,1.7495684573370385,BU05,LE03,EUR,COD,#4ECDC4,OLD214,214,0,PaymentTermScreen,term_214,0,GROUP2
215,PREPAID,Prepaid,0,0,0,0,SALES,CHECK,ACTIVE,0,0,0.40296486515191576,BU01,LE01,INR,PREPAID,#FF6B6B,OLD215,215,1,PaymentTermScreen,term_215,1,GROUP6
216,COD,Cash On Delivery,0,4,0,0,SALES,ACH,ACTIVE,1,0,1.1355405071122835,BU05,LE02,USD,COD,#FF6B6B,OLD216,216,1,PaymentTermScreen,term_216,1,GROUP8
217,COD,Cash On Delivery,0,3,0,0,PURCHASE,WIRE,ACTIVE,1,1,0.5562889257364925,BU03,LE03,USD,COD,#FF6B6B,OLD217,217,1,PaymentTermScreen,term_217,0,GROUP10
218,2/10NET30,2% 10 Net 30,30,2,2,10,PURCHASE,CREDIT_CARD,INACTIVE,0,1,1.294772516280401,BU04,LE01,AED,2/10NET30,#4ECDC4,OLD218,218,0,PaymentTermScreen,term_218,1,GROUP3
219,2/10NET30,2% 10 Net 30,30,2,2,10,PURCHASE,WIRE,ACTIVE,1,1,1.7807999980860931,BU04,LE02,AED,2/10NET30,#4ECDC4,OLD219,219,0,PaymentTermScreen,term_219,1,GROUP2
220,NET090,Net 90,90,4,0,0,PURCHASE,CHECK,ACTIVE,1,1,1.1007436499313685,BU01,LE01,GBP,NET090,#4ECDC4,OLD220,220,0,PaymentTermScreen,term_220,0,GROUP7
221,1/15NET45,1% 15 Net 45,45,0,1,15,PURCHASE,CHECK,ACTIVE,0,1,0.3706868567278696,BU02,LE03,USD,1/15NET45,#FF6B6B,OLD221,221,0,PaymentTermScreen,term_221,0,GROUP9
222,PREPAID,Prepaid,0,4,0,0,PURCHASE,CREDIT_CARD,ACTIVE,0,0,1.104882754996594,BU05,LE01,USD,PREPAID,#FF6B6B,OLD222,222,1,PaymentTermScreen,term_222,1,GROUP5
223,PREPAID,Prepaid,0,1,0,0,PURCHASE,ACH,INACTIVE,0,0,1.153955241025273,BU01,LE03,EUR,PREPAID,#4ECDC4,OLD223,223,0,PaymentTermScreen,term_223,0,GROUP1
224,PREPAID,Prepaid,0,5,0,0,PURCHASE,WIRE,INACTIVE,0,1,0.2602413427900343,BU02,LE01,GBP,PREPAID,#4ECDC4,OLD224,224,0,PaymentTermScreen,term_224,1,GROUP1
225,1/15NET45,1% 15 Net 45,45,1,1,15,SALES,CREDIT_CARD,INACTIVE,0,1,1.8477899900724954,BU03,LE02,AED,1/15NET45,#FF6B6B,OLD225,225,1,PaymentTermScreen,term_225,1,GROUP5
226,NET090,Net 90,90,3,0,0,PURCHASE,WIRE,INACTIVE,0,1,0.8105077568237344,BU01,LE03,EUR,NET090,#FF6B6B,OLD226,226,1,PaymentTermScreen,term_226,0,GROUP4
227,2/10NET30,2% 10 Net 30,30,2,2,10,SALES,CREDIT_CARD,INACTIVE,0,0,1.493544133175567,BU03,LE03,EUR,2/10NET30,#45B7D1,OLD227,227,0,PaymentTermScreen,term_227,1,GROUP9
228,NET060,Net 60,60,1,0,0,SALES,WIRE,INACTIVE,1,0,0.7219755500464262,BU03,LE01,EUR,NET060,#45B7D1,OLD228,228,0,PaymentTermScreen,term_228,1,GROUP1
229,NET090,Net 90,90,0,0,0,SALES,CREDIT_CARD,INACTIVE,0,0,0.8663835778590576,BU05,LE02,GBP,NET090,#FF6B6B,OLD229,229,0,PaymentTermScreen,term_229,1,GROUP5
230,NET060,Net 60,60,0,0,0,PURCHASE,CREDIT_CARD,ACTIVE,0,1,1.1822831318027291,BU05,LE02,AED,NET060,#45B7D1,OLD230,230,1,PaymentTermScreen,term_230,0,GROUP5
231,COD,Cash On Delivery,0,2,0,0,PURCHASE,CHECK,INACTIVE,1,1,0.1359066650159375,BU03,LE03,AED,COD,#45B7D1,OLD231,231,0,PaymentTermScreen,term_231,1,GROUP6
232,2/10NET30,2% 10 Net 30,30,4,2,10,SALES,WIRE,INACTIVE,0,1,0.30113736191279994,BU05,LE03,AED,2/10NET30,#45B7D1,OLD232,232,0,PaymentTermScreen,term_232,0,GROUP10
233,2/10NET30,2% 10 Net 30,30,4,2,10,SALES,CREDIT_CARD,ACTIVE,0,0,0.6046965011056533,BU05,LE03,GBP,2/10NET30,#4ECDC4,OLD233,233,0,PaymentTermScreen,term_233,0,GROUP2
234,1/15NET45,1% 15 Net 45,45,5,1,15,SALES,CHECK,ACTIVE,0,1,0.15298360160731295,BU05,LE03,USD,1/15NET45,#FF6B6B,OLD234,234,0,PaymentTermScreen,term_234,0,GROUP7
235,NET060,Net 60,60,1,0,0,PURCHASE,CREDIT_CARD,ACTIVE,1,0,0.8345605831698824,BU03,LE01,EUR,NET060,#FF6B6B,OLD235,235,0,PaymentTermScreen,term_235,1,GROUP5
236,NET030,Net 30,30,4,0,0,PURCHASE,ACH,ACTIVE,0,0,1.1452456455463804,BU05,LE02,USD,NET030,#FF6B6B,OLD236,236,0,PaymentTermScreen,term_236,1,GROUP3
237,PREPAID,Prepaid,0,1,0,0,PURCHASE,CHECK,INACTIVE,0,1,1.8886013697491006,BU03,LE02,USD,PREPAID,#FF6B6B,OLD237,237,0,PaymentTermScreen,term_237,0,GROUP4
238,NET090,Net 90,90,1,0,0,PURCHASE,ACH,INACTIVE,0,0,0.3883580708742196,BU03,LE03,INR,NET090,#4ECDC4,OLD238,238,1,PaymentTermScreen,term_238,0,GROUP5
239,NET060,Net 60,60,4,0,0,SALES,ACH,INACTIVE,1,0,0.07828316921397582,BU01,LE01,EUR,NET060,#4ECDC4,OLD239,239,0,PaymentTermScreen,term_239,0,GROUP4
240,NET030,Net 30,30,4,0,0,SALES,ACH,ACTIVE,1,1,0.9166766677328262,BU05,LE03,GBP,NET030,#4ECDC4,OLD240,240,1,PaymentTermScreen,term_240,1,GROUP9
241,PREPAID,Prepaid,0,1,0,0,PURCHASE,ACH,ACTIVE,0,1,1.143541653392085,BU01,LE03,EUR,PREPAID,#45B7D1,OLD241,241,1,PaymentTermScreen,term_241,1,GROUP1
242,1/15NET45,1% 15 Net 45,45,0,1,15,SALES,CREDIT_CARD,ACTIVE,1,1,0.9809606357111644,BU01,LE02,EUR,1/15NET45,#FF6B6B,OLD242,242,0,PaymentTermScreen,term_242,1,GROUP5
243,COD,Cash On Delivery,0,2,0,0,PURCHASE,ACH,INACTIVE,1,0,1.7313049036039287,BU04,LE03,GBP,COD,#45B7D1,OLD243,243,0,PaymentTermScreen,term_243,0,GROUP5
244,NET030,Net 30,30,3,0,0,SALES,WIRE,ACTIVE,0,1,0.652925864517089,BU04,LE01,AED,NET030,#45B7D1,OLD244,244,1,PaymentTermScreen,term_244,1,GROUP4
245,COD,Cash On Delivery,0,2,0,0,SALES,WIRE,INACTIVE,1,1,1.9723750731443201,BU01,LE03,AED,COD,#4ECDC4,OLD245,245,1,PaymentTermScreen,term_245,0,GROUP6
246,COD,Cash On Delivery,0,1,0,0,SALES,ACH,INACTIVE,0,1,1.6511808034788376,BU01,LE03,INR,COD,#4ECDC4,OLD246,246,0,PaymentTermScreen,term_246,1,GROUP7
247,COD,Cash On Delivery,0,2,0,0,PURCHASE,CREDIT_CARD,INACTIVE,0,1,0.22835247734535025,BU04,LE03,INR,COD,#FF6B6B,OLD247,247,1,PaymentTermScreen,term_247,0,GROUP6
248,COD,Cash On Delivery,0,2,0,0,SALES,WIRE,INACTIVE,0,0,1.3009382531523448,BU03,LE02,AED,COD,#45B7D1,OLD248,248,0,PaymentTermScreen,term_248,1,GROUP4
249,NET030,Net 30,30,3,0,0,SALES,CHECK,INACTIVE,1,0,1.6419051940924283,BU05,LE01,AED,NET030,#FF6B6B,OLD249,249,1,PaymentTermScreen,term_249,1,GROUP6
250,PREPAID,Prepaid,0,4,0,0,PURCHASE,ACH,ACTIVE,1,1,0.498450394305618,BU04,LE03,EUR,PREPAID,#FF6B6B,OLD250,250,1,PaymentTermScreen,term_250,0,GROUP6
251,2/10NET30,2% 10 Net 30,30,4,2,10,PURCHASE,ACH,ACTIVE,1,1,1.2227916181066143,BU03,LE03,EUR,2/10NET30,#FF6B6B,OLD251,251,1,PaymentTermScreen,term_251,0,GROUP1
252,NET030,Net 30,30,1,0,0,PURCHASE,ACH,INACTIVE,0,0,1.7892900508838492,BU03,LE03,EUR,NET030,#4ECDC4,OLD252,252,1,PaymentTermScreen,term_252,1,GROUP5
253,PREPAID,Prepaid,0,2,0,0,PURCHASE,CHECK,ACTIVE,0,0,1.649207699588622,BU02,LE03,INR,PREPAID,#FF6B6B,OLD253,253,1,PaymentTermScreen,term_253,0,GROUP5
254,PREPAID,Prepaid,0,1,0,0,PURCHASE,WIRE,INACTIVE,1,0,0.33614651286691255,BU04,LE03,USD,PREPAID,#45B7D1,OLD254,254,0,PaymentTermScreen,term_254,1,GROUP6
255,1/15NET45,1% 15 Net 45,45,4,1,15,SALES,ACH,ACTIVE,1,0,1.4695878267571474,BU02,LE03,GBP,1/15NET45,#FF6B6B,OLD255,255,0,PaymentTermScreen,term_255,1,GROUP2
256,NET060,Net 60,60,2,0,0,PURCHASE,ACH,INACTIVE,0,0,1.117929917372901,BU03,LE03,INR,NET060,#45B7D1,OLD256,256,1,PaymentTermScreen,term_256,1,GROUP8
257,NET030,Net 30,30,5,0,0,PURCHASE,WIRE,ACTIVE,1,1,0.2404825928621841,BU03,LE02,GBP,NET030,#FF6B6B,OLD257,257,0,PaymentTermScreen,term_257,0,GROUP3
258,2/10NET30,2% 10 Net 30,30,2,2,10,PURCHASE,CHECK,INACTIVE,0,0,0.4638846492882909,BU01,LE02,EUR,2/10NET30,#45B7D1,OLD258,258,0,PaymentTermScreen,term_258,0,GROUP8
259,PREPAID,Prepaid,0,5,0,0,PURCHASE,CHECK,INACTIVE,1,1,1.8252112423929683,BU05,LE02,GBP,PREPAID,#45B7D1,OLD259,259,0,PaymentTermScreen,term_259,1,GROUP1
260,2/10NET30,2% 10 Net 30,30,3,2,10,PURCHASE,WIRE,ACTIVE,1,0,1.807386175164677,BU01,LE01,EUR,2/10NET30,#FF6B6B,OLD260,260,1,PaymentTermScreen,term_260,0,GROUP4
261,COD,Cash On Delivery,0,1,0,0,SALES,ACH,INACTIVE,0,1,1.3159538009496778,BU05,LE03,EUR,COD,#45B7D1,OLD261,261,0,PaymentTermScreen,term_261,0,GROUP2
262,NET030,Net 30,30,2,0,0,SALES,WIRE,ACTIVE,1,1,1.7462557882710685,BU01,LE02,EUR,NET030,#45B7D1,OLD262,262,1,PaymentTermScreen,term_262,0,GROUP5
263,NET090,Net 90,90,1,0,0,PURCHASE,ACH,INACTIVE,0,1,1.8569807608316775,BU01,LE02,INR,NET090,#4ECDC4,OLD263,263,0,PaymentTermScreen,term_263,1,GROUP7
264,PREPAID,Prepaid,0,0,0,0,PURCHASE,ACH,ACTIVE,0,0,1.7333692159215233,BU01,LE01,EUR,PREPAID,#FF6B6B,OLD264,264,1,PaymentTermScreen,term_264,1,GROUP2
265,NET030,Net 30,30,5,0,0,PURCHASE,WIRE,ACTIVE,0,0,1.4749273580045497,BU03,LE02,USD,NET030,#FF6B6B,OLD265,265,1,PaymentTermScreen,term_265,1,GROUP9
266,COD,Cash On Delivery,0,5,0,0,SALES,ACH,INACTIVE,0,0,1.0925452217767555,BU03,LE02,USD,COD,#4ECDC4,OLD266,266,1,PaymentTermScreen,term_266,0,GROUP2
267,NET090,Net 90,90,3,0,0,SALES,CHECK,INACTIVE,1,0,0.02775373278918969,BU04,LE01,USD,NET090,#4ECDC4,OLD267,267,0,PaymentTermScreen,term_267,0,GROUP9
268,1/15NET45,1% 15 Net 45,45,5,1,15,SALES,CHECK,INACTIVE,1,0,1.518235167306119,BU03,LE03,AED,1/15NET45,#45B7D1,OLD268,268,1,PaymentTermScreen,term_268,0,GROUP9
269,COD,Cash On Delivery,0,0,0,0,PURCHASE,WIRE,ACTIVE,1,0,0.46766880803860733,BU02,LE01,INR,COD,#45B7D1,OLD269,269,0,PaymentTermScreen,term_269,1,GROUP7
270,NET030,Net 30,30,2,0,0,PURCHASE,ACH,INACTIVE,1,0,1.7343361960901613,BU02,LE01,USD,NET030,#45B7D1,OLD270,270,0,PaymentTermScreen,term_270,0,GROUP6
271,NET060,Net 60,60,4,0,0,PURCHASE,CREDIT_CARD,ACTIVE,1,1,0.5037439554558552,BU03,LE03,USD,NET060,#45B7D1,OLD271,271,1,PaymentTermScreen,term_271,1,GROUP1
272,COD,Cash On Delivery,0,5,0,0,PURCHASE,CHECK,ACTIVE,1,0,1.9425884353286436,BU03,LE03,GBP,COD,#FF6B6B,OLD272,272,1,PaymentTermScreen,term_272,0,GROUP5
273,PREPAID,Prepaid,0,2,0,0,PURCHASE,CREDIT_CARD,INACTIVE,0,1,1.5432703432326902,BU02,LE01,USD,PREPAID,#FF6B6B,OLD273,273,0,PaymentTermScreen,term_273,0,GROUP10
274,COD,Cash On Delivery,0,0,0,0,SALES,CHECK,INACTIVE,0,1,0.3884329047420274,BU01,LE03,INR,COD,#4ECDC4,OLD274,274,1,PaymentTermScreen,term_274,1,GROUP10
275,1/15NET45,1% 15 Net 45,45,2,1,15,PURCHASE,ACH,INACTIVE,1,0,1.6643562876428943,BU04,LE01,GBP,1/15NET45,#4ECDC4,OLD275,275,1,PaymentTermScreen,term_275,1,GROUP6
276,1/15NET45,1% 15 Net 45,45,1,1,15,PURCHASE,CREDIT_CARD,ACTIVE,0,1,0.735788110684962,BU01,LE02,GBP,1/15NET45,#4ECDC4,OLD276,276,0,PaymentTermScreen,term_276,0,GROUP6
277,NET030,Net 30,30,0,0,0,PURCHASE,CREDIT_CARD,INACTIVE,1,1,0.8293617154164494,BU01,LE01,INR,NET030,#FF6B6B,OLD277,277,1,PaymentTermScreen,term_277,1,GROUP1
278,NET030,Net 30,30,0,0,0,PURCHASE,WIRE,ACTIVE,1,1,1.649514561123738,BU01,LE01,GBP,NET030,#FF6B6B,OLD278,278,1,PaymentTermScreen,term_278,0,GROUP5
279,NET030,Net 30,30,0,0,0,SALES,ACH,ACTIVE,1,0,0.5729304358292713,BU04,LE03,AED,NET030,#FF6B6B,OLD279,279,0,PaymentTermScreen,term_279,1,GROUP8
280,NET030,Net 30,30,0,0,0,SALES,WIRE,INACTIVE,0,0,1.7923681031231877,BU04,LE03,INR,NET030,#4ECDC4,OLD280,280,0,PaymentTermScreen,term_280,0,GROUP4
281,2/10NET30,2% 10 Net 30,30,4,2,10,SALES,CHECK,INACTIVE,0,1,1.9027678793410712,BU01,LE03,USD,2/10NET30,#45B7D1,OLD281,281,1,PaymentTermScreen,term_281,1,GROUP2
282,2/10NET30,2% 10 Net 30,30,4,2,10,SALES,CHECK,ACTIVE,0,0,0.5835580981617745,BU03,LE02,EUR,2/10NET30,#45B7D1,OLD282,282,0,PaymentTermScreen,term_282,0,GROUP6
283,NET090,Net 90,90,2,0,0,PURCHASE,CREDIT_CARD,ACTIVE,0,1,0.24413485662463374,BU04,LE03,EUR,NET090,#FF6B6B,OLD283,283,0,PaymentTermScreen,term_283,1,GROUP8
284,PREPAID,Prepaid,0,2,0,0,SALES,CREDIT_CARD,INACTIVE,1,1,0.30684996283832366,BU03,LE01,INR,PREPAID,#4ECDC4,OLD284,284,0,PaymentTermScreen,term_284,0,GROUP2
285,2/10NET30,2% 10 Net 30,30,4,2,10,SALES,CHECK,ACTIVE,0,1,0.5164760814291935,BU02,LE01,GBP,2/10NET30,#FF6B6B,OLD285,285,1,PaymentTermScreen,term_285,1,GROUP7
286,2/10NET30,2% 10 Net 30,30,0,2,10,PURCHASE,WIRE,INACTIVE,1,0,0.035872508325152985,BU04,LE01,GBP,2/10NET30,#45B7D1,OLD286,286,1,PaymentTermScreen,term_286,1,GROUP9
287,PREPAID,Prepaid,0,3,0,0,PURCHASE,ACH,ACTIVE,0,0,0.3303396404851606,BU01,LE03,EUR,PREPAID,#FF6B6B,OLD287,287,0,PaymentTermScreen,term_287,0,GROUP7
288,NET060,Net 60,60,0,0,0,SALES,ACH,ACTIVE,1,1,0.7013807604306448,BU03,LE01,GBP,NET060,#FF6B6B,OLD288,288,0,PaymentTermScreen,term_288,1,GROUP1
289,NET060,Net 60,60,2,0,0,SALES,WIRE,ACTIVE,1,1,0.7620593958868656,BU02,LE01,USD,NET060,#45B7D1,OLD289,289,0,PaymentTermScreen,term_289,0,GROUP2
290,NET090,Net 90,90,5,0,0,SALES,CREDIT_CARD,INACTIVE,1,0,0.6792725643134978,BU05,LE03,INR,NET090,#4ECDC4,OLD290,290,0,PaymentTermScreen,term_290,1,GROUP3
291,NET030,Net 30,30,1,0,0,PURCHASE,WIRE,ACTIVE,0,0,0.4752499931174987,BU01,LE03,GBP,NET030,#45B7D1,OLD291,291,0,PaymentTermScreen,term_291,1,GROUP7
292,COD,Cash On Delivery,0,2,0,0,SALES,WIRE,ACTIVE,0,0,0.002976678421328982,BU01,LE01,INR,COD,#45B7D1,OLD292,292,0,PaymentTermScreen,term_292,0,GROUP2
293,PREPAID,Prepaid,0,3,0,0,SALES,CHECK,INACTIVE,0,0,0.6086636347006196,BU03,LE01,USD,PREPAID,#45B7D1,OLD293,293,1,PaymentTermScreen,term_293,1,GROUP4
294,NET030,Net 30,30,4,0,0,PURCHASE,ACH,INACTIVE,0,0,0.15569039545820318,BU05,LE02,EUR,NET030,#4ECDC4,OLD294,294,1,PaymentTermScreen,term_294,1,GROUP3
295,NET090,Net 90,90,3,0,0,PURCHASE,CREDIT_CARD,ACTIVE,1,1,1.8440497874814528,BU02,LE02,AED,NET090,#4ECDC4,OLD295,295,1,PaymentTermScreen,term_295,1,GROUP8
296,2/10NET30,2% 10 Net 30,30,2,2,10,PURCHASE,CHECK,ACTIVE,0,0,1.167983524292758,BU03,LE03,GBP,2/10NET30,#FF6B6B,OLD296,296,0,PaymentTermScreen,term_296,0,GROUP2
297,1/15NET45,1% 15 Net 45,45,1,1,15,SALES,CHECK,ACTIVE,0,1,1.5825114989331321,BU05,LE02,GBP,1/15NET45,#45B7D1,OLD297,297,1,PaymentTermScreen,term_297,0,GROUP3
298,NET090,Net 90,90,4,0,0,SALES,CHECK,INACTIVE,1,1,1.8304711652094003,BU03,LE02,AED,NET090,#FF6B6B,OLD298,298,0,PaymentTermScreen,term_298,1,GROUP10
299,1/15NET45,1% 15 Net 45,45,3,1,15,SALES,CHECK,ACTIVE,0,1,1.9927513495921314,BU04,LE03,GBP,1/15NET45,#FF6B6B,OLD299,299,0,PaymentTermScreen,term_299,0,GROUP9
300,NET090,Net 90,90,2,0,0,SALES,CHECK,ACTIVE,1,1,0.8255306692599256,BU02,LE02,INR,NET090,#4ECDC4,OLD300,300,0,PaymentTermScreen,term_300,1,GROUP6
301,2/10NET30,2% 10 Net 30,30,2,2,10,PURCHASE,WIRE,ACTIVE,0,1,1.6009160385824002,BU05,LE02,GBP,2/10NET30,#45B7D1,OLD301,301,0,PaymentTermScreen,term_301,0,GROUP5
302,NET030,Net 30,30,2,0,0,SALES,ACH,ACTIVE,1,0,1.9086394561969386,BU03,LE03,AED,NET030,#4ECDC4,OLD302,302,1,PaymentTermScreen,term_302,1,GROUP7
303,NET060,Net 60,60,0,0,0,SALES,CHECK,INACTIVE,1,1,0.8965076198264625,BU03,LE01,AED,NET060,#45B7D1,OLD303,303,0,PaymentTermScreen,term_303,0,GROUP5
304,NET030,Net 30,30,5,0,0,SALES,CHECK,ACTIVE,0,1,1.4316761421455446,BU01,LE01,INR,NET030,#45B7D1,OLD304,304,1,PaymentTermScreen,term_304,1,GROUP5
305,1/15NET45,1% 15 Net 45,45,4,1,15,PURCHASE,CHECK,ACTIVE,1,0,0.5381102270177911,BU03,LE01,EUR,1/15NET45,#FF6B6B,OLD305,305,1,PaymentTermScreen,term_305,0,GROUP10
306,NET090,Net 90,90,4,0,0,SALES,WIRE,INACTIVE,1,0,0.4295949172702971,BU03,LE02,GBP,NET090,#FF6B6B,OLD306,306,0,PaymentTermScreen,term_306,0,GROUP5
307,2/10NET30,2% 10 Net 30,30,5,2,10,SALES,CREDIT_CARD,INACTIVE,0,1,1.7787341535193337,BU04,LE01,USD,2/10NET30,#FF6B6B,OLD307,307,0,PaymentTermScreen,term_307,0,GROUP10
308,NET060,Net 60,60,1,0,0,SALES,ACH,INACTIVE,1,1,0.013721419630169152,BU01,LE01,EUR,NET060,#FF6B6B,OLD308,308,0,PaymentTermScreen,term_308,1,GROUP9
309,NET090,Net 90,90,4,0,0,PURCHASE,CREDIT_CARD,INACTIVE,0,0,1.8059259740196545,BU05,LE03,AED,NET090,#FF6B6B,OLD309,309,0,PaymentTermScreen,term_309,0,GROUP2
310,1/15NET45,1% 15 Net 45,45,3,1,15,PURCHASE,WIRE,ACTIVE,0,1,1.8693326840313067,BU04,LE03,EUR,1/15NET45,#45B7D1,OLD310,310,1,PaymentTermScreen,term_310,1,GROUP1
311,NET090,Net 90,90,5,0,0,SALES,CREDIT_CARD,INACTIVE,1,0,0.3298844459436383,BU02,LE03,INR,NET090,#4ECDC4,OLD311,311,0,PaymentTermScreen,term_311,1,GROUP2
312,NET060,Net 60,60,2,0,0,PURCHASE,CREDIT_CARD,ACTIVE,0,0,0.028441735448744065,BU02,LE01,USD,NET060,#FF6B6B,OLD312,312,0,PaymentTermScreen,term_312,1,GROUP2
313,NET090,Net 90,90,5,0,0,PURCHASE,CHECK,INACTIVE,1,0,1.3917970693806825,BU01,LE02,EUR,NET090,#4ECDC4,OLD313,313,1,PaymentTermScreen,term_313,0,GROUP4
314,NET030,Net 30,30,3,0,0,SALES,CREDIT_CARD,ACTIVE,1,1,0.3976721160659149,BU04,LE03,EUR,NET030,#45B7D1,OLD314,314,1,PaymentTermScreen,term_314,1,GROUP6
315,NET090,Net 90,90,2,0,0,SALES,CREDIT_CARD,INACTIVE,0,1,0.2385315104582697,BU04,LE03,AED,NET090,#FF6B6B,OLD315,315,0,PaymentTermScreen,term_315,1,GROUP7
316,2/10NET30,2% 10 Net 30,30,1,2,10,PURCHASE,ACH,ACTIVE,1,0,1.614770290439991,BU03,LE02,AED,2/10NET30,#4ECDC4,OLD316,316,0,PaymentTermScreen,term_316,1,GROUP6
317,NET060,Net 60,60,4,0,0,SALES,ACH,ACTIVE,0,1,0.016139112514804488,BU04,LE02,EUR,NET060,#FF6B6B,OLD317,317,1,PaymentTermScreen,term_317,1,GROUP4
318,NET060,Net 60,60,4,0,0,SALES,CREDIT_CARD,ACTIVE,1,0,0.554735353475521,BU03,LE03,INR,NET060,#FF6B6B,OLD318,318,0,PaymentTermScreen,term_318,1,GROUP6
319,COD,Cash On Delivery,0,2,0,0,SALES,CHECK,INACTIVE,0,0,1.858012954325886,BU02,LE01,USD,COD,#4ECDC4,OLD319,319,1,PaymentTermScreen,term_319,0,GROUP5
320,PREPAID,Prepaid,0,4,0,0,PURCHASE,ACH,ACTIVE,1,0,1.7189619189388414,BU01,LE03,GBP,PREPAID,#4ECDC4,OLD320,320,1,PaymentTermScreen,term_320,0,GROUP4
321,1/15NET45,1% 15 Net 45,45,0,1,15,PURCHASE,WIRE,ACTIVE,1,1,0.36109032933100327,BU01,LE01,EUR,1/15NET45,#45B7D1,OLD321,321,0,PaymentTermScreen,term_321,1,GROUP3
322,1/15NET45,1% 15 Net 45,45,2,1,15,PURCHASE,ACH,INACTIVE,1,1,0.15556767389158854,BU02,LE03,EUR,1/15NET45,#4ECDC4,OLD322,322,1,PaymentTermScreen,term_322,0,GROUP2
323,2/10NET30,2% 10 Net 30,30,0,2,10,SALES,ACH,ACTIVE,1,1,1.0363435482168961,BU05,LE03,EUR,2/10NET30,#FF6B6B,OLD323,323,0,PaymentTermScreen,term_323,1,GROUP5
324,PREPAID,Prepaid,0,1,0,0,SALES,ACH,INACTIVE,1,1,0.03026236231548851,BU01,LE03,AED,PREPAID,#45B7D1,OLD324,324,1,PaymentTermScreen,term_324,0,GROUP10
325,1/15NET45,1% 15 Net 45,45,2,1,15,SALES,CREDIT_CARD,ACTIVE,1,1,1.459324474236227,BU04,LE03,GBP,1/15NET45,#45B7D1,OLD325,325,0,PaymentTermScreen,term_325,1,GROUP3
326,2/10NET30,2% 10 Net 30,30,3,2,10,SALES,ACH,ACTIVE,0,1,0.9845099016048755,BU05,LE03,INR,2/10NET30,#45B7D1,OLD326,326,1,PaymentTermScreen,term_326,0,GROUP2
327,NET090,Net 90,90,1,0,0,SALES,ACH,INACTIVE,0,1,1.1944245832013922,BU05,LE03,INR,NET090,#4ECDC4,OLD327,327,1,PaymentTermScreen,term_327,1,GROUP3
328,PREPAID,Prepaid,0,2,0,0,SALES,CHECK,ACTIVE,1,1,1.2170187565818569,BU01,LE01,USD,PREPAID,#45B7D1,OLD328,328,1,PaymentTermScreen,term_328,1,GROUP1
329,1/15NET45,1% 15 Net 45,45,3,1,15,SALES,CREDIT_CARD,ACTIVE,1,1,0.5836479496627518,BU05,LE02,EUR,1/15NET45,#4ECDC4,OLD329,329,1,PaymentTermScreen,term_329,1,GROUP9
330,2/10NET30,2% 10 Net 30,30,2,2,10,SALES,WIRE,ACTIVE,0,0,0.22566200505944134,BU03,LE01,AED,2/10NET30,#4ECDC4,OLD330,330,1,PaymentTermScreen,term_330,0,GROUP8
331,1/15NET45,1% 15 Net 45,45,0,1,15,SALES,CHECK,INACTIVE,1,0,0.6772984634794443,BU04,LE01,AED,1/15NET45,#FF6B6B,OLD331,331,1,PaymentTermScreen,term_331,1,GROUP10
332,NET030,Net 30,30,3,0,0,SALES,WIRE,INACTIVE,1,0,1.2936107835115014,BU05,LE01,INR,NET030,#45B7D1,OLD332,332,0,PaymentTermScreen,term_332,0,GROUP10
333,NET090,Net 90,90,0,0,0,SALES,WIRE,ACTIVE,1,1,0.9067360347752169,BU04,LE02,EUR,NET090,#45B7D1,OLD333,333,0,PaymentTermScreen,term_333,1,GROUP9
334,1/15NET45,1% 15 Net 45,45,1,1,15,SALES,ACH,INACTIVE,0,1,1.7069140054474734,BU02,LE01,USD,1/15NET45,#45B7D1,OLD334,334,1,PaymentTermScreen,term_334,0,GROUP3
335,NET090,Net 90,90,4,0,0,PURCHASE,WIRE,ACTIVE,1,0,0.3648083908766955,BU01,LE03,INR,NET090,#FF6B6B,OLD335,335,0,PaymentTermScreen,term_335,0,GROUP6
336,1/15NET45,1% 15 Net 45,45,0,1,15,SALES,CHECK,ACTIVE,1,0,1.003800669756056,BU04,LE03,AED,1/15NET45,#FF6B6B,OLD336,336,1,PaymentTermScreen,term_336,0,GROUP5
337,NET060,Net 60,60,3,0,0,PURCHASE,WIRE,INACTIVE,1,1,0.48848767347667477,BU02,LE03,USD,NET060,#4ECDC4,OLD337,337,0,PaymentTermScreen,term_337,0,GROUP8
338,1/15NET45,1% 15 Net 45,45,4,1,15,SALES,ACH,INACTIVE,0,1,1.5016815539949244,BU05,LE03,EUR,1/15NET45,#45B7D1,OLD338,338,0,PaymentTermScreen,term_338,1,GROUP7
339,PREPAID,Prepaid,0,0,0,0,PURCHASE,CREDIT_CARD,INACTIVE,0,0,0.530540493469805,BU04,LE02,GBP,PREPAID,#45B7D1,OLD339,339,1,PaymentTermScreen,term_339,1,GROUP7
340,2/10NET30,2% 10 Net 30,30,3,2,10,PURCHASE,CHECK,INACTIVE,0,1,0.00030480815363498337,BU01,LE01,AED,2/10NET30,#4ECDC4,OLD340,340,0,PaymentTermScreen,term_340,0,GROUP2
341,COD,Cash On Delivery,0,5,0,0,PURCHASE,CREDIT_CARD,INACTIVE,0,0,0.22142251933181423,BU05,LE03,GBP,COD,#45B7D1,OLD341,341,0,PaymentTermScreen,term_341,0,GROUP10
342,NET090,Net 90,90,2,0,0,PURCHASE,ACH,ACTIVE,0,0,0.5657182015691498,BU01,LE03,GBP,NET090,#4ECDC4,OLD342,342,0,PaymentTermScreen,term_342,1,GROUP3
343,2/10NET30,2% 10 Net 30,30,3,2,10,PURCHASE,CHECK,INACTIVE,1,0,1.3656509232880487,BU01,LE03,GBP,2/10NET30,#4ECDC4,OLD343,343,0,PaymentTermScreen,term_343,0,GROUP1
344,COD,Cash On Delivery,0,5,0,0,SALES,CREDIT_CARD,INACTIVE,1,1,1.9942807379180194,BU05,LE03,GBP,COD,#4ECDC4,OLD344,344,1,PaymentTermScreen,term_344,0,GROUP7
345,PREPAID,Prepaid,0,2,0,0,PURCHASE,CREDIT_CARD,INACTIVE,0,1,1.301910536849397,BU03,LE01,AED,PREPAID,#FF6B6B,OLD345,345,0,PaymentTermScreen,term_345,1,GROUP6
346,COD,Cash On Delivery,0,3,0,0,PURCHASE,WIRE,ACTIVE,0,0,1.8650551373185178,BU04,LE02,INR,COD,#FF6B6B,OLD346,346,1,PaymentTermScreen,term_346,0,GROUP5
347,1/15NET45,1% 15 Net 45,45,4,1,15,SALES,CHECK,ACTIVE,0,0,1.754236245984369,BU01,LE01,AED,1/15NET45,#FF6B6B,OLD347,347,0,PaymentTermScreen,term_347,1,GROUP8
348,NET030,Net 30,30,3,0,0,SALES,CHECK,INACTIVE,1,0,1.5967515240483896,BU04,LE03,INR,NET030,#FF6B6B,OLD348,348,1,PaymentTermScreen,term_348,1,GROUP2
349,COD,Cash On Delivery,0,3,0,0,PURCHASE,CHECK,INACTIVE,0,1,1.800649839894424,BU03,LE02,INR,COD,#FF6B6B,OLD349,349,1,PaymentTermScreen,term_349,1,GROUP8
350,2/10NET30,2% 10 Net 30,30,0,2,10,PURCHASE,WIRE,INACTIVE,1,1,0.10332000388390616,BU04,LE03,AED,2/10NET30,#4ECDC4,OLD350,350,1,PaymentTermScreen,term_350,0,GROUP6
351,COD,Cash On Delivery,0,3,0,0,PURCHASE,CREDIT_CARD,INACTIVE,0,0,0.3778130947263114,BU05,LE03,INR,COD,#FF6B6B,OLD351,351,0,PaymentTermScreen,term_351,1,GROUP7
352,NET060,Net 60,60,5,0,0,SALES,ACH,INACTIVE,1,1,0.8250021450550544,BU03,LE02,GBP,NET060,#45B7D1,OLD352,352,1,PaymentTermScreen,term_352,0,GROUP10
353,COD,Cash On Delivery,0,0,0,0,SALES,CHECK,ACTIVE,1,0,1.1995118071028523,BU03,LE02,GBP,COD,#45B7D1,OLD353,353,0,PaymentTermScreen,term_353,1,GROUP1
354,1/15NET45,1% 15 Net 45,45,5,1,15,PURCHASE,CHECK,INACTIVE,1,0,0.6822870176730846,BU05,LE01,USD,1/15NET45,#45B7D1,OLD354,354,0,PaymentTermScreen,term_354,1,GROUP2
355,PREPAID,Prepaid,0,3,0,0,SALES,WIRE,ACTIVE,0,1,0.0666300264650963,BU02,LE01,AED,PREPAID,#45B7D1,OLD355,355,1,PaymentTermScreen,term_355,0,GROUP7
356,1/15NET45,1% 15 Net 45,45,3,1,15,SALES,ACH,INACTIVE,0,1,0.5280472860781118,BU03,LE03,INR,1/15NET45,#FF6B6B,OLD356,356,0,PaymentTermScreen,term_356,1,GROUP10
357,2/10NET30,2% 10 Net 30,30,0,2,10,SALES,ACH,ACTIVE,0,1,0.08807412857959918,BU05,LE01,GBP,2/10NET30,#FF6B6B,OLD357,357,0,PaymentTermScreen,term_357,0,GROUP5
358,NET030,Net 30,30,3,0,0,SALES,WIRE,INACTIVE,1,1,0.5787006792010956,BU03,LE01,INR,NET030,#4ECDC4,OLD358,358,1,PaymentTermScreen,term_358,0,GROUP8
359,1/15NET45,1% 15 Net 45,45,1,1,15,SALES,WIRE,INACTIVE,0,1,1.242838196410536,BU01,LE01,USD,1/15NET45,#FF6B6B,OLD359,359,0,PaymentTermScreen,term_359,0,GROUP6
360,NET060,Net 60,60,1,0,0,PURCHASE,CHECK,INACTIVE,1,0,1.285307726582722,BU04,LE01,GBP,NET060,#FF6B6B,OLD360,360,0,PaymentTermScreen,term_360,1,GROUP6
361,NET030,Net 30,30,2,0,0,SALES,ACH,ACTIVE,1,1,1.4275838823092402,BU01,LE03,EUR,NET030,#FF6B6B,OLD361,361,1,PaymentTermScreen,term_361,1,GROUP8
362,2/10NET30,2% 10 Net 30,30,5,2,10,PURCHASE,CHECK,INACTIVE,0,0,1.4818400373681873,BU04,LE01,AED,2/10NET30,#FF6B6B,OLD362,362,1,PaymentTermScreen,term_362,0,GROUP10
363,NET030,Net 30,30,3,0,0,SALES,ACH,INACTIVE,0,1,1.5489491846980357,BU04,LE02,USD,NET030,#4ECDC4,OLD363,363,0,PaymentTermScreen,term_363,1,GROUP2
364,NET090,Net 90,90,4,0,0,PURCHASE,ACH,ACTIVE,1,1,0.665311920674454,BU05,LE02,GBP,NET090,#FF6B6B,OLD364,364,1,PaymentTermScreen,term_364,1,GROUP7
365,COD,Cash On Delivery,0,5,0,0,PURCHASE,CREDIT_CARD,INACTIVE,1,0,1.8342373163045214,BU02,LE02,INR,COD,#4ECDC4,OLD365,365,1,PaymentTermScreen,term_365,1,GROUP5
366,2/10NET30,2% 10 Net 30,30,0,2,10,PURCHASE,CREDIT_CARD,ACTIVE,1,0,1.449483527840852,BU05,LE03,AED,2/10NET30,#FF6B6B,OLD366,366,1,PaymentTermScreen,term_366,1,GROUP7
367,2/10NET30,2% 10 Net 30,30,3,2,10,SALES,WIRE,INACTIVE,1,0,1.1038495945484395,BU05,LE02,USD,2/10NET30,#4ECDC4,OLD367,367,0,PaymentTermScreen,term_367,1,GROUP7
368,NET090,Net 90,90,4,0,0,SALES,ACH,ACTIVE,1,1,0.14655457524687598,BU03,LE03,GBP,NET090,#FF6B6B,OLD368,368,1,PaymentTermScreen,term_368,1,GROUP7
369,COD,Cash On Delivery,0,0,0,0,SALES,WIRE,INACTIVE,0,0,1.3276703562469494,BU02,LE01,USD,COD,#45B7D1,OLD369,369,1,PaymentTermScreen,term_369,1,GROUP8
370,2/10NET30,2% 10 Net 30,30,2,2,10,SALES,CREDIT_CARD,INACTIVE,1,0,0.16360888222470837,BU03,LE03,EUR,2/10NET30,#4ECDC4,OLD370,370,0,PaymentTermScreen,term_370,0,GROUP2
371,2/10NET30,2% 10 Net 30,30,3,2,10,SALES,WIRE,INACTIVE,1,0,1.9376385851263007,BU02,LE01,USD,2/10NET30,#FF6B6B,OLD371,371,1,PaymentTermScreen,term_371,1,GROUP7
372,COD,Cash On Delivery,0,2,0,0,PURCHASE,ACH,INACTIVE,0,1,1.023033068675351,BU03,LE01,GBP,COD,#45B7D1,OLD372,372,0,PaymentTermScreen,term_372,0,GROUP7
373,1/15NET45,1% 15 Net 45,45,5,1,15,PURCHASE,WIRE,INACTIVE,0,0,1.933409190344404,BU05,LE03,INR,1/15NET45,#4ECDC4,OLD373,373,1,PaymentTermScreen,term_373,1,GROUP4
374,NET030,Net 30,30,1,0,0,PURCHASE,WIRE,INACTIVE,1,1,0.5505286304909367,BU01,LE03,AED,NET030,#4ECDC4,OLD374,374,0,PaymentTermScreen,term_374,1,GROUP1
375,NET060,Net 60,60,4,0,0,PURCHASE,WIRE,ACTIVE,1,0,1.8104228783171463,BU02,LE02,INR,NET060,#FF6B6B,OLD375,375,1,PaymentTermScreen,term_375,0,GROUP9
376,1/15NET45,1% 15 Net 45,45,0,1,15,PURCHASE,CREDIT_CARD,ACTIVE,0,0,1.6566783951106996,BU05,LE03,GBP,1/15NET45,#4ECDC4,OLD376,376,0,PaymentTermScreen,term_376,0,GROUP9
377,NET030,Net 30,30,2,0,0,SALES,CHECK,ACTIVE,0,0,0.22341724041955557,BU02,LE01,INR,NET030,#45B7D1,OLD377,377,0,PaymentTermScreen,term_377,0,GROUP3
378,NET060,Net 60,60,2,0,0,PURCHASE,WIRE,INACTIVE,0,1,1.5533161877173443,BU02,LE02,INR,NET060,#FF6B6B,OLD378,378,1,PaymentTermScreen,term_378,1,GROUP1
379,1/15NET45,1% 15 Net 45,45,4,1,15,PURCHASE,CREDIT_CARD,ACTIVE,1,0,0.5522841963537877,BU03,LE02,EUR,1/15NET45,#4ECDC4,OLD379,379,0,PaymentTermScreen,term_379,1,GROUP1
380,NET030,Net 30,30,1,0,0,SALES,ACH,INACTIVE,1,0,0.7713200201839787,BU04,LE02,USD,NET030,#FF6B6B,OLD380,380,0,PaymentTermScreen,term_380,0,GROUP8
381,1/15NET45,1% 15 Net 45,45,2,1,15,SALES,WIRE,ACTIVE,0,0,1.8383615219466511,BU03,LE03,GBP,1/15NET45,#FF6B6B,OLD381,381,1,PaymentTermScreen,term_381,1,GROUP9
382,NET090,Net 90,90,0,0,0,PURCHASE,CREDIT_CARD,ACTIVE,0,1,1.481439740048731,BU04,LE03,USD,NET090,#4ECDC4,OLD382,382,0,PaymentTermScreen,term_382,0,GROUP1
383,NET090,Net 90,90,4,0,0,SALES,WIRE,ACTIVE,0,1,1.130064158167079,BU03,LE03,INR,NET090,#4ECDC4,OLD383,383,0,PaymentTermScreen,term_383,0,GROUP8
384,PREPAID,Prepaid,0,5,0,0,PURCHASE,WIRE,INACTIVE,0,1,0.033308061793011934,BU01,LE03,USD,PREPAID,#FF6B6B,OLD384,384,0,PaymentTermScreen,term_384,1,GROUP6
385,NET060,Net 60,60,2,0,0,SALES,CHECK,INACTIVE,1,1,1.3858021838201013,BU04,LE02,USD,NET060,#45B7D1,OLD385,385,0,PaymentTermScreen,term_385,0,GROUP4
386,NET060,Net 60,60,3,0,0,PURCHASE,CHECK,ACTIVE,1,1,1.5672498967691215,BU04,LE03,GBP,NET060,#FF6B6B,OLD386,386,0,PaymentTermScreen,term_386,1,GROUP10
387,2/10NET30,2% 10 Net 30,30,0,2,10,SALES,WIRE,INACTIVE,1,0,0.029026907762395915,BU05,LE02,USD,2/10NET30,#FF6B6B,OLD387,387,1,PaymentTermScreen,term_387,0,GROUP9
388,1/15NET45,1% 15 Net 45,45,4,1,15,PURCHASE,WIRE,INACTIVE,1,1,0.6746315056498513,BU04,LE01,EUR,1/15NET45,#45B7D1,OLD388,388,0,PaymentTermScreen,term_388,0,GROUP1
389,NET060,Net 60,60,5,0,0,SALES,CREDIT_CARD,ACTIVE,1,1,0.5347533457273947,BU04,LE03,EUR,NET060,#FF6B6B,OLD389,389,1,PaymentTermScreen,term_389,1,GROUP4
390,NET090,Net 90,90,0,0,0,PURCHASE,CHECK,INACTIVE,0,0,0.7458520050899256,BU01,LE01,USD,NET090,#FF6B6B,OLD390,390,0,PaymentTermScreen,term_390,1,GROUP2
391,NET090,Net 90,90,1,0,0,SALES,CHECK,ACTIVE,1,0,0.19817607233343693,BU05,LE01,INR,NET090,#4ECDC4,OLD391,391,0,PaymentTermScreen,term_391,1,GROUP5
392,NET060,Net 60,60,1,0,0,PURCHASE,CHECK,INACTIVE,1,1,1.016423626015766,BU02,LE02,USD,NET060,#45B7D1,OLD392,392,1,PaymentTermScreen,term_392,1,GROUP6
393,NET090,Net 90,90,4,0,0,PURCHASE,CHECK,ACTIVE,1,0,1.7267452711789741,BU02,LE02,USD,NET090,#45B7D1,OLD393,393,1,PaymentTermScreen,term_393,0,GROUP6
394,2/10NET30,2% 10 Net 30,30,1,2,10,SALES,ACH,ACTIVE,0,0,0.552690865607423,BU05,LE02,INR,2/10NET30,#FF6B6B,OLD394,394,1,PaymentTermScreen,term_394,0,GROUP4
395,1/15NET45,1% 15 Net 45,45,5,1,15,SALES,ACH,ACTIVE,0,1,0.8365491322982739,BU04,LE03,AED,1/15NET45,#4ECDC4,OLD395,395,0,PaymentTermScreen,term_395,0,GROUP6
396,2/10NET30,2% 10 Net 30,30,4,2,10,SALES,CHECK,INACTIVE,1,0,1.93980571071952,BU03,LE03,EUR,2/10NET30,#45B7D1,OLD396,396,0,PaymentTermScreen,term_396,1,GROUP9
397,1/15NET45,1% 15 Net 45,45,5,1,15,PURCHASE,ACH,INACTIVE,1,1,1.6605173594302218,BU03,LE03,GBP,1/15NET45,#FF6B6B,OLD397,397,1,PaymentTermScreen,term_397,0,GROUP5
398,COD,Cash On Delivery,0,3,0,0,SALES,WIRE,ACTIVE,0,1,0.3963233921955924,BU02,LE01,INR,COD,#45B7D1,OLD398,398,1,PaymentTermScreen,term_398,1,GROUP5
399,NET060,Net 60,60,5,0,0,SALES,WIRE,ACTIVE,0,0,1.4800943250076064,BU05,LE03,GBP,NET060,#FF6B6B,OLD399,399,1,PaymentTermScreen,term_399,0,GROUP10
400,2/10NET30,2% 10 Net 30,30,2,2,10,SALES,ACH,ACTIVE,0,1,0.2704880880685472,BU03,LE01,USD,2/10NET30,#45B7D1,OLD400,400,1,PaymentTermScreen,term_400,1,GROUP2
401,NET030,Net 30,30,5,0,0,PURCHASE,WIRE,ACTIVE,0,0,1.161133707409041,BU04,LE02,INR,NET030,#FF6B6B,OLD401,401,0,PaymentTermScreen,term_401,0,GROUP2
402,NET030,Net 30,30,4,0,0,PURCHASE,CHECK,ACTIVE,1,1,1.2458071748891364,BU02,LE03,EUR,NET030,#45B7D1,OLD402,402,1,PaymentTermScreen,term_402,0,GROUP6
403,NET060,Net 60,60,2,0,0,PURCHASE,CREDIT_CARD,ACTIVE,0,1,1.1071625120520927,BU03,LE02,USD,NET060,#4ECDC4,OLD403,403,0,PaymentTermScreen,term_403,0,GROUP7
404,NET090,Net 90,90,4,0,0,PURCHASE,WIRE,ACTIVE,0,1,0.8339993489677691,BU02,LE01,EUR,NET090,#FF6B6B,OLD404,404,1,PaymentTermScreen,term_404,1,GROUP2
405,NET030,Net 30,30,0,0,0,SALES,CREDIT_CARD,ACTIVE,1,0,0.5119849232426184,BU05,LE02,USD,NET030,#FF6B6B,OLD405,405,0,PaymentTermScreen,term_405,0,GROUP10
406,PREPAID,Prepaid,0,4,0,0,PURCHASE,CREDIT_CARD,INACTIVE,0,1,1.0130354933907157,BU05,LE03,GBP,PREPAID,#45B7D1,OLD406,406,0,PaymentTermScreen,term_406,0,GROUP8
407,2/10NET30,2% 10 Net 30,30,4,2,10,PURCHASE,ACH,INACTIVE,0,1,0.6807001018437986,BU02,LE01,EUR,2/10NET30,#4ECDC4,OLD407,407,0,PaymentTermScreen,term_407,0,GROUP8
408,NET090,Net 90,90,5,0,0,SALES,CHECK,ACTIVE,1,0,0.26720752441058204,BU02,LE01,USD,NET090,#45B7D1,OLD408,408,0,PaymentTermScreen,term_408,0,GROUP9
409,PREPAID,Prepaid,0,0,0,0,SALES,CREDIT_CARD,INACTIVE,1,0,1.2448278409616185,BU05,LE02,AED,PREPAID,#45B7D1,OLD409,409,0,PaymentTermScreen,term_409,1,GROUP1
410,PREPAID,Prepaid,0,3,0,0,PURCHASE,WIRE,ACTIVE,1,1,0.09532324737294307,BU04,LE02,GBP,PREPAID,#FF6B6B,OLD410,410,1,PaymentTermScreen,term_410,1,GROUP10
411,NET060,Net 60,60,2,0,0,SALES,ACH,INACTIVE,0,0,1.849394757810901,BU05,LE01,INR,NET060,#4ECDC4,OLD411,411,1,PaymentTermScreen,term_411,1,GROUP2
412,NET090,Net 90,90,3,0,0,SALES,WIRE,INACTIVE,0,1,0.44769097078635944,BU01,LE01,INR,NET090,#45B7D1,OLD412,412,1,PaymentTermScreen,term_412,1,GROUP1
413,NET060,Net 60,60,1,0,0,PURCHASE,WIRE,ACTIVE,0,1,1.9002041060671193,BU03,LE01,INR,NET060,#FF6B6B,OLD413,413,1,PaymentTermScreen,term_413,1,GROUP4
414,PREPAID,Prepaid,0,5,0,0,PURCHASE,WIRE,INACTIVE,0,0,1.7739473276224331,BU03,LE01,GBP,PREPAID,#45B7D1,OLD414,414,0,PaymentTermScreen,term_414,0,GROUP2
415,PREPAID,Prepaid,0,3,0,0,SALES,WIRE,ACTIVE,0,1,0.22068917629277163,BU01,LE01,USD,PREPAID,#45B7D1,OLD415,415,1,PaymentTermScreen,term_415,0,GROUP9
416,COD,Cash On Delivery,0,3,0,0,SALES,CREDIT_CARD,INACTIVE,1,0,0.4338570585189856,BU03,LE02,INR,COD,#FF6B6B,OLD416,416,1,PaymentTermScreen,term_416,1,GROUP9
417,NET030,Net 30,30,5,0,0,PURCHASE,WIRE,INACTIVE,0,1,0.849018049342692,BU04,LE03,GBP,NET030,#45B7D1,OLD417,417,0,PaymentTermScreen,term_417,0,GROUP9
418,NET090,Net 90,90,1,0,0,PURCHASE,WIRE,INACTIVE,0,0,1.264740172979228,BU05,LE03,INR,NET090,#FF6B6B,OLD418,418,0,PaymentTermScreen,term_418,0,GROUP2
419,1/15NET45,1% 15 Net 45,45,2,1,15,PURCHASE,CHECK,ACTIVE,0,0,0.45130005138940743,BU02,LE01,USD,1/15NET45,#FF6B6B,OLD419,419,0,PaymentTermScreen,term_419,0,GROUP5
420,PREPAID,Prepaid,0,0,0,0,PURCHASE,ACH,INACTIVE,0,1,1.4255833431654559,BU02,LE03,EUR,PREPAID,#45B7D1,OLD420,420,1,PaymentTermScreen,term_420,1,GROUP1
421,NET030,Net 30,30,5,0,0,SALES,CHECK,INACTIVE,1,1,0.20601724028813795,BU04,LE03,USD,NET030,#4ECDC4,OLD421,421,0,PaymentTermScreen,term_421,0,GROUP2
422,PREPAID,Prepaid,0,5,0,0,PURCHASE,WIRE,ACTIVE,1,1,1.9268295031607956,BU03,LE01,AED,PREPAID,#4ECDC4,OLD422,422,1,PaymentTermScreen,term_422,0,GROUP6
423,PREPAID,Prepaid,0,3,0,0,SALES,CHECK,INACTIVE,1,0,0.8456229224505016,BU03,LE01,EUR,PREPAID,#45B7D1,OLD423,423,1,PaymentTermScreen,term_423,0,GROUP5
424,NET060,Net 60,60,5,0,0,SALES,WIRE,ACTIVE,0,0,1.1767114852278875,BU03,LE02,EUR,NET060,#45B7D1,OLD424,424,1,PaymentTermScreen,term_424,0,GROUP7
425,NET090,Net 90,90,3,0,0,PURCHASE,WIRE,INACTIVE,0,1,0.10489319977936007,BU04,LE01,EUR,NET090,#FF6B6B,OLD425,425,0,PaymentTermScreen,term_425,0,GROUP10
426,COD,Cash On Delivery,0,3,0,0,SALES,CREDIT_CARD,INACTIVE,1,0,0.45799664773220083,BU05,LE01,INR,COD,#4ECDC4,OLD426,426,1,PaymentTermScreen,term_426,0,GROUP6
427,1/15NET45,1% 15 Net 45,45,4,1,15,SALES,CREDIT_CARD,ACTIVE,1,1,1.9282903226100407,BU03,LE02,GBP,1/15NET45,#FF6B6B,OLD427,427,0,PaymentTermScreen,term_427,0,GROUP5
428,NET060,Net 60,60,2,0,0,SALES,CHECK,ACTIVE,0,1,1.280347660692292,BU01,LE03,INR,NET060,#45B7D1,OLD428,428,0,PaymentTermScreen,term_428,1,GROUP6
429,NET060,Net 60,60,3,0,0,SALES,CREDIT_CARD,ACTIVE,1,0,0.1603746502524488,BU02,LE01,GBP,NET060,#45B7D1,OLD429,429,1,PaymentTermScreen,term_429,1,GROUP1
430,1/15NET45,1% 15 Net 45,45,5,1,15,SALES,CHECK,INACTIVE,1,1,1.4145520004272631,BU05,LE03,USD,1/15NET45,#FF6B6B,OLD430,430,0,PaymentTermScreen,term_430,1,GROUP9
431,PREPAID,Prepaid,0,2,0,0,PURCHASE,CREDIT_CARD,ACTIVE,1,1,0.7777768581530027,BU05,LE01,AED,PREPAID,#45B7D1,OLD431,431,0,PaymentTermScreen,term_431,1,GROUP1
432,COD,Cash On Delivery,0,4,0,0,PURCHASE,WIRE,ACTIVE,0,1,1.4776334029259384,BU02,LE02,GBP,COD,#45B7D1,OLD432,432,0,PaymentTermScreen,term_432,0,GROUP5
433,2/10NET30,2% 10 Net 30,30,4,2,10,SALES,CHECK,INACTIVE,0,0,0.1724103438282214,BU02,LE02,USD,2/10NET30,#4ECDC4,OLD433,433,0,PaymentTermScreen,term_433,0,GROUP8
434,NET060,Net 60,60,4,0,0,SALES,CREDIT_CARD,ACTIVE,1,0,1.8154812770565523,BU04,LE01,AED,NET060,#45B7D1,OLD434,434,0,PaymentTermScreen,term_434,0,GROUP4
435,PREPAID,Prepaid,0,1,0,0,PURCHASE,WIRE,ACTIVE,0,1,0.4787149364718788,BU04,LE03,USD,PREPAID,#FF6B6B,OLD435,435,0,PaymentTermScreen,term_435,1,GROUP4
436,NET030,Net 30,30,3,0,0,PURCHASE,CHECK,ACTIVE,1,1,1.3584855666331368,BU05,LE03,INR,NET030,#FF6B6B,OLD436,436,1,PaymentTermScreen,term_436,0,GROUP10
437,2/10NET30,2% 10 Net 30,30,2,2,10,SALES,CHECK,ACTIVE,0,0,1.2859380037125796,BU05,LE02,INR,2/10NET30,#45B7D1,OLD437,437,0,PaymentTermScreen,term_437,0,GROUP10
438,NET090,Net 90,90,0,0,0,PURCHASE,CREDIT_CARD,INACTIVE,0,1,0.9784321048063325,BU01,LE02,USD,NET090,#45B7D1,OLD438,438,1,PaymentTermScreen,term_438,0,GROUP2
439,COD,Cash On Delivery,0,0,0,0,SALES,CHECK,ACTIVE,1,0,0.21486966582580358,BU05,LE03,EUR,COD,#FF6B6B,OLD439,439,0,PaymentTermScreen,term_439,1,GROUP2
440,NET030,Net 30,30,2,0,0,SALES,CHECK,INACTIVE,1,0,1.365018559464778,BU04,LE03,EUR,NET030,#4ECDC4,OLD440,440,0,PaymentTermScreen,term_440,0,GROUP1
441,NET090,Net 90,90,3,0,0,SALES,CHECK,INACTIVE,0,0,1.193544459765755,BU02,LE03,INR,NET090,#4ECDC4,OLD441,441,0,PaymentTermScreen,term_441,0,GROUP5
442,COD,Cash On Delivery,0,4,0,0,SALES,WIRE,ACTIVE,0,0,1.6796690659093885,BU04,LE01,GBP,COD,#FF6B6B,OLD442,442,0,PaymentTermScreen,term_442,1,GROUP2
443,1/15NET45,1% 15 Net 45,45,2,1,15,SALES,ACH,INACTIVE,0,1,1.4746666538271527,BU05,LE01,INR,1/15NET45,#4ECDC4,OLD443,443,0,PaymentTermScreen,term_443,1,GROUP10
444,2/10NET30,2% 10 Net 30,30,1,2,10,PURCHASE,CREDIT_CARD,ACTIVE,0,1,1.7836048127143265,BU04,LE03,EUR,2/10NET30,#4ECDC4,OLD444,444,0,PaymentTermScreen,term_444,0,GROUP6
445,PREPAID,Prepaid,0,3,0,0,PURCHASE,WIRE,INACTIVE,1,1,0.9029026468527228,BU04,LE01,EUR,PREPAID,#45B7D1,OLD445,445,0,PaymentTermScreen,term_445,0,GROUP5
446,NET030,Net 30,30,3,0,0,PURCHASE,WIRE,INACTIVE,0,0,0.8475720319499813,BU02,LE03,EUR,NET030,#4ECDC4,OLD446,446,0,PaymentTermScreen,term_446,0,GROUP3
447,COD,Cash On Delivery,0,3,0,0,SALES,CREDIT_CARD,ACTIVE,0,0,0.05738404654482987,BU05,LE03,INR,COD,#45B7D1,OLD447,447,1,PaymentTermScreen,term_447,0,GROUP1
448,NET030,Net 30,30,5,0,0,SALES,CREDIT_CARD,INACTIVE,1,1,1.6297877453322593,BU04,LE03,AED,NET030,#FF6B6B,OLD448,448,1,PaymentTermScreen,term_448,1,GROUP9
449,NET090,Net 90,90,5,0,0,SALES,WIRE,INACTIVE,0,1,0.7560317883078986,BU02,LE02,INR,NET090,#FF6B6B,OLD449,449,0,PaymentTermScreen,term_449,0,GROUP10
450,COD,Cash On Delivery,0,2,0,0,SALES,CREDIT_CARD,ACTIVE,1,1,1.7995327594733042,BU04,LE01,AED,COD,#45B7D1,OLD450,450,0,PaymentTermScreen,term_450,0,GROUP8
451,NET090,Net 90,90,3,0,0,PURCHASE,ACH,INACTIVE,0,0,0.6601499545532317,BU05,LE01,GBP,NET090,#4ECDC4,OLD451,451,0,PaymentTermScreen,term_451,0,GROUP8
452,2/10NET30,2% 10 Net 30,30,4,2,10,SALES,ACH,ACTIVE,1,0,0.6149648769202909,BU05,LE03,GBP,2/10NET30,#45B7D1,OLD452,452,0,PaymentTermScreen,term_452,1,GROUP6
453,COD,Cash On Delivery,0,5,0,0,PURCHASE,ACH,ACTIVE,0,1,0.43255963617224946,BU04,LE01,GBP,COD,#45B7D1,OLD453,453,1,PaymentTermScreen,term_453,1,GROUP5
454,NET060,Net 60,60,0,0,0,PURCHASE,CHECK,INACTIVE,1,0,0.41378714916176484,BU05,LE01,AED,NET060,#FF6B6B,OLD454,454,1,PaymentTermScreen,term_454,1,GROUP2
455,1/15NET45,1% 15 Net 45,45,2,1,15,PURCHASE,ACH,INACTIVE,0,0,0.5999918003138538,BU01,LE01,EUR,1/15NET45,#FF6B6B,OLD455,455,0,PaymentTermScreen,term_455,0,GROUP6
456,NET030,Net 30,30,0,0,0,SALES,CHECK,INACTIVE,1,0,1.5610629388682697,BU05,LE03,USD,NET030,#45B7D1,OLD456,456,0,PaymentTermScreen,term_456,1,GROUP8
457,PREPAID,Prepaid,0,0,0,0,SALES,CREDIT_CARD,INACTIVE,1,1,0.9797777924200735,BU02,LE03,USD,PREPAID,#FF6B6B,OLD457,457,0,PaymentTermScreen,term_457,1,GROUP2
458,COD,Cash On Delivery,0,3,0,0,SALES,WIRE,INACTIVE,1,1,1.2610847859618817,BU01,LE03,INR,COD,#FF6B6B,OLD458,458,1,PaymentTermScreen,term_458,0,GROUP9
459,1/15NET45,1% 15 Net 45,45,2,1,15,PURCHASE,ACH,ACTIVE,0,0,0.6483307842534196,BU01,LE03,EUR,1/15NET45,#45B7D1,OLD459,459,1,PaymentTermScreen,term_459,0,GROUP3
460,NET090,Net 90,90,0,0,0,SALES,WIRE,INACTIVE,0,0,1.8645492842697367,BU03,LE01,AED,NET090,#45B7D1,OLD460,460,0,PaymentTermScreen,term_460,0,GROUP3
461,NET030,Net 30,30,5,0,0,PURCHASE,WIRE,INACTIVE,1,0,0.6189894305516974,BU01,LE02,INR,NET030,#45B7D1,OLD461,461,1,PaymentTermScreen,term_461,1,GROUP1
462,PREPAID,Prepaid,0,1,0,0,SALES,CHECK,INACTIVE,0,1,1.5909375621650987,BU05,LE03,EUR,PREPAID,#45B7D1,OLD462,462,1,PaymentTermScreen,term_462,1,GROUP4
463,COD,Cash On Delivery,0,1,0,0,PURCHASE,CREDIT_CARD,ACTIVE,0,1,1.534800354252509,BU05,LE01,GBP,COD,#4ECDC4,OLD463,463,1,PaymentTermScreen,term_463,0,GROUP2
464,NET030,Net 30,30,0,0,0,SALES,CHECK,ACTIVE,1,1,0.981380490165324,BU02,LE03,GBP,NET030,#FF6B6B,OLD464,464,1,PaymentTermScreen,term_464,1,GROUP5
465,PREPAID,Prepaid,0,2,0,0,PURCHASE,CREDIT_CARD,ACTIVE,1,0,0.05633285381995212,BU03,LE02,GBP,PREPAID,#FF6B6B,OLD465,465,1,PaymentTermScreen,term_465,0,GROUP4
466,1/15NET45,1% 15 Net 45,45,5,1,15,SALES,ACH,ACTIVE,1,0,1.9542877337555602,BU05,LE02,EUR,1/15NET45,#FF6B6B,OLD466,466,1,PaymentTermScreen,term_466,0,GROUP4
467,COD,Cash On Delivery,0,2,0,0,SALES,CREDIT_CARD,INACTIVE,0,0,1.8147496611305685,BU02,LE03,GBP,COD,#FF6B6B,OLD467,467,0,PaymentTermScreen,term_467,1,GROUP4
468,PREPAID,Prepaid,0,0,0,0,PURCHASE,CHECK,INACTIVE,0,0,0.7691722704883817,BU04,LE01,GBP,PREPAID,#4ECDC4,OLD468,468,1,PaymentTermScreen,term_468,0,GROUP6
469,PREPAID,Prepaid,0,3,0,0,PURCHASE,WIRE,ACTIVE,0,0,0.8380210941508757,BU03,LE02,GBP,PREPAID,#45B7D1,OLD469,469,1,PaymentTermScreen,term_469,1,GROUP10
470,COD,Cash On Delivery,0,5,0,0,SALES,CHECK,INACTIVE,0,0,0.35881221925151485,BU04,LE03,AED,COD,#4ECDC4,OLD470,470,1,PaymentTermScreen,term_470,0,GROUP1
471,COD,Cash On Delivery,0,5,0,0,SALES,CHECK,ACTIVE,0,1,1.8784713640389912,BU05,LE03,GBP,COD,#45B7D1,OLD471,471,0,PaymentTermScreen,term_471,0,GROUP10
472,2/10NET30,2% 10 Net 30,30,1,2,10,SALES,CREDIT_CARD,INACTIVE,0,0,0.07261075977716724,BU04,LE02,EUR,2/10NET30,#45B7D1,OLD472,472,0,PaymentTermScreen,term_472,0,GROUP4
473,NET090,Net 90,90,5,0,0,SALES,CHECK,INACTIVE,0,1,0.44819392120880264,BU01,LE03,INR,NET090,#45B7D1,OLD473,473,1,PaymentTermScreen,term_473,1,GROUP9
474,COD,Cash On Delivery,0,5,0,0,PURCHASE,CHECK,ACTIVE,1,1,0.8648761151793969,BU01,LE03,GBP,COD,#45B7D1,OLD474,474,1,PaymentTermScreen,term_474,1,GROUP2
475,1/15NET45,1% 15 Net 45,45,0,1,15,PURCHASE,WIRE,ACTIVE,1,1,1.5403677273169762,BU04,LE02,AED,1/15NET45,#FF6B6B,OLD475,475,1,PaymentTermScreen,term_475,1,GROUP9
476,NET030,Net 30,30,3,0,0,PURCHASE,CHECK,ACTIVE,1,0,0.9207433922927533,BU01,LE01,USD,NET030,#4ECDC4,OLD476,476,0,PaymentTermScreen,term_476,0,GROUP10
477,NET030,Net 30,30,5,0,0,PURCHASE,CHECK,ACTIVE,0,0,1.2970817470568408,BU01,LE03,INR,NET030,#4ECDC4,OLD477,477,0,PaymentTermScreen,term_477,1,GROUP6
478,1/15NET45,1% 15 Net 45,45,3,1,15,PURCHASE,WIRE,ACTIVE,1,1,1.5686074007226767,BU02,LE01,USD,1/15NET45,#FF6B6B,OLD478,478,1,PaymentTermScreen,term_478,1,GROUP10
479,NET060,Net 60,60,2,0,0,PURCHASE,WIRE,ACTIVE,1,0,0.41800782830449523,BU02,LE02,AED,NET060,#45B7D1,OLD479,479,1,PaymentTermScreen,term_479,0,GROUP1
480,COD,Cash On Delivery,0,4,0,0,SALES,ACH,INACTIVE,0,0,0.21198100363942118,BU05,LE01,EUR,COD,#4ECDC4,OLD480,480,1,PaymentTermScreen,term_480,1,GROUP6
481,2/10NET30,2% 10 Net 30,30,4,2,10,SALES,WIRE,INACTIVE,1,1,1.1794883166022512,BU04,LE03,USD,2/10NET30,#45B7D1,OLD481,481,0,PaymentTermScreen,term_481,0,GROUP6
482,1/15NET45,1% 15 Net 45,45,1,1,15,SALES,CREDIT_CARD,INACTIVE,0,1,1.297711139886848,BU01,LE01,INR,1/15NET45,#4ECDC4,OLD482,482,1,PaymentTermScreen,term_482,0,GROUP2
483,NET030,Net 30,30,0,0,0,PURCHASE,ACH,ACTIVE,1,1,0.5840135247248057,BU01,LE01,EUR,NET030,#45B7D1,OLD483,483,0,PaymentTermScreen,term_483,0,GROUP6
484,1/15NET45,1% 15 Net 45,45,4,1,15,SALES,CREDIT_CARD,INACTIVE,0,0,1.1878211549013329,BU03,LE01,EUR,1/15NET45,#45B7D1,OLD484,484,1,PaymentTermScreen,term_484,0,GROUP7
485,PREPAID,Prepaid,0,5,0,0,PURCHASE,ACH,INACTIVE,0,1,1.6377279680416454,BU04,LE03,AED,PREPAID,#4ECDC4,OLD485,485,1,PaymentTermScreen,term_485,1,GROUP8
486,2/10NET30,2% 10 Net 30,30,3,2,10,PURCHASE,ACH,INACTIVE,1,1,1.1572366595096184,BU05,LE02,AED,2/10NET30,#4ECDC4,OLD486,486,0,PaymentTermScreen,term_486,0,GROUP9
487,2/10NET30,2% 10 Net 30,30,5,2,10,PURCHASE,WIRE,ACTIVE,0,0,1.1618158914964736,BU02,LE03,USD,2/10NET30,#4ECDC4,OLD487,487,0,PaymentTermScreen,term_487,0,GROUP6
488,COD,Cash On Delivery,0,1,0,0,SALES,CHECK,ACTIVE,0,1,1.1902790589109518,BU05,LE02,USD,COD,#4ECDC4,OLD488,488,1,PaymentTermScreen,term_488,1,GROUP4
489,COD,Cash On Delivery,0,1,0,0,PURCHASE,CHECK,ACTIVE,1,0,1.322128729911068,BU02,LE01,GBP,COD,#FF6B6B,OLD489,489,0,PaymentTermScreen,term_489,0,GROUP7
490,PREPAID,Prepaid,0,0,0,0,PURCHASE,ACH,INACTIVE,0,1,0.284880511570456,BU04,LE02,GBP,PREPAID,#FF6B6B,OLD490,490,0,PaymentTermScreen,term_490,1,GROUP10
491,COD,Cash On Delivery,0,5,0,0,PURCHASE,WIRE,INACTIVE,1,0,1.9252484471700717,BU05,LE01,GBP,COD,#45B7D1,OLD491,491,1,PaymentTermScreen,term_491,1,GROUP6
492,NET060,Net 60,60,3,0,0,PURCHASE,ACH,ACTIVE,0,1,1.0585500783071373,BU02,LE03,USD,NET060,#45B7D1,OLD492,492,1,PaymentTermScreen,term_492,1,GROUP9
493,NET060,Net 60,60,4,0,0,PURCHASE,CHECK,INACTIVE,0,1,0.4705025397664002,BU01,LE02,AED,NET060,#45B7D1,OLD493,493,1,PaymentTermScreen,term_493,1,GROUP5
494,COD,Cash On Delivery,0,1,0,0,PURCHASE,ACH,ACTIVE,1,0,1.7553184293227093,BU01,LE03,AED,COD,#FF6B6B,OLD494,494,0,PaymentTermScreen,term_494,1,GROUP6
495,NET090,Net 90,90,1,0,0,SALES,CREDIT_CARD,ACTIVE,1,0,0.2991672766183273,BU03,LE01,USD,NET090,#FF6B6B,OLD495,495,0,PaymentTermScreen,term_495,0,GROUP2
496,NET030,Net 30,30,3,0,0,SALES,CHECK,INACTIVE,0,1,0.4299657948986815,BU03,LE02,USD,NET030,#45B7D1,OLD496,496,0,PaymentTermScreen,term_496,1,GROUP8
497,NET030,Net 30,30,2,0,0,SALES,CHECK,ACTIVE,1,0,1.6192499166704586,BU05,LE03,AED,NET030,#45B7D1,OLD497,497,1,PaymentTermScreen,term_497,1,GROUP5
498,1/15NET45,1% 15 Net 45,45,1,1,15,PURCHASE,WIRE,INACTIVE,1,0,0.5750879529888131,BU03,LE02,EUR,1/15NET45,#45B7D1,OLD498,498,0,PaymentTermScreen,term_498,1,GROUP4
499,2/10NET30,2% 10 Net 30,30,4,2,10,PURCHASE,WIRE,ACTIVE,1,0,0.9180234077761613,BU05,LE03,GBP,2/10NET30,#FF6B6B,OLD499,499,0,PaymentTermScreen,term_499,1,GROUP3
500,NET060,Net 60,60,0,0,0,SALES,CREDIT_CARD,ACTIVE,0,0,0.21726701821537975,BU03,LE02,EUR,NET060,#FF6B6B,OLD500,500,0,PaymentTermScreen,term_500,1,GROUP5
